Workbook

Sheet 2025
A1: Pick | B1: Intro | C1: Winner | D1: Type | E1: Name | F1: Salary | G1: Term | H1: Picks Transferred | U1: UFA | V1: UFA Rank | W1: RFA | X1: RFA Rank
A2: 1 | B2: GVR | C2: MAC | D2: RFA | E2: Mikko Rantanen | F2: 6.5 | G2: 4 | H2: 2028 1st (MAC) | I2: 2030 1st (MAC) | J2: 2030 2nd (MAC) | K2: 2029 3rd (MAC) | U2: =if($D2=U$1,$F2,"") | V2: =rank(U2,$U$2:$U$173) -> #N/A | W2: =if($D2=W$1,$F2,"") -> 6.5 | X2: =rank(W2,$W$2:$W$173) -> 2
A3: =A2+1 -> 2 | B3: GVR | C3: HSM | D3: UFA | E3: Connor Hellebuyck | F3: 8.4 | G3: 1 | U3: =if($D3=U$1,$F3,"") -> 8.4 | V3: =rank(U3,$U$2:$U$173) -> 2 | W3: =if($D3=W$1,$F3,"") | X3: =rank(W3,$W$2:$W$173) -> #N/A
A4: =A3+1 -> 3 | B4: BOT | C4: BOT | D4: RFA | E4: Timo Meier | F4: 3.2 | G4: 1 | U4: =if($D4=U$1,$F4,"") | V4: =rank(U4,$U$2:$U$173) -> #N/A | W4: =if($D4=W$1,$F4,"") -> 3.2 | X4: =rank(W4,$W$2:$W$173) -> 8
A5: =A4+1 -> 4 | B5: BOT | C5: ZSK | D5: UFA | E5: Nikita Kucherov | F5: 10 | G5: 1 | U5: =if($D5=U$1,$F5,"") -> 10 | V5: =rank(U5,$U$2:$U$173) -> 1 | W5: =if($D5=W$1,$F5,"") | X5: =rank(W5,$W$2:$W$173) -> #N/A
A6: =A5+1 -> 5 | B6: SRL | C6: GVR | D6: RFA | E6: Evan Bouchard | F6: 5.6 | G6: 2 | U6: =if($D6=U$1,$F6,"") | V6: =rank(U6,$U$2:$U$173) -> #N/A | W6: =if($D6=W$1,$F6,"") -> 5.6 | X6: =rank(W6,$W$2:$W$173) -> 4
A7: =A6+1 -> 6 | B7: SRL | C7: LGN | D7: UFA | E7: Juuse Saros | F7: 2.2 | G7: 2 | U7: =if($D7=U$1,$F7,"") -> 2.2 | V7: =rank(U7,$U$2:$U$173) -> 36 | W7: =if($D7=W$1,$F7,"") | X7: =rank(W7,$W$2:$W$173) -> #N/A
A8: =A7+1 -> 7 | B8: ZSK | C8: HSM | D8: RFA | E8: Auston Matthews | F8: 6.6 | G8: 3 | U8: =if($D8=U$1,$F8,"") | V8: =rank(U8,$U$2:$U$173) -> #N/A | W8: =if($D8=W$1,$F8,"") -> 6.6 | X8: =rank(W8,$W$2:$W$173) -> 1
A9: =A8+1 -> 8 | B9: ZSK | C9: BOT | D9: UFA | E9: Artemi Panarin | F9: 7.6 | G9: 1 | U9: =if($D9=U$1,$F9,"") -> 7.6 | V9: =rank(U9,$U$2:$U$173) -> 3 | W9: =if($D9=W$1,$F9,"") | X9: =rank(W9,$W$2:$W$173) -> #N/A
A10: =A9+1 -> 9 | B10: MAC | C10: MAC | D10: RFA | E10: Alex DeBrincat | F10: 3.2 | G10: 1 | U10: =if($D10=U$1,$F10,"") | V10: =rank(U10,$U$2:$U$173) -> #N/A | W10: =if($D10=W$1,$F10,"") -> 3.2 | X10: =rank(W10,$W$2:$W$173) -> 8
A11: =A10+1 -> 10 | B11: MAC | C11: ZSK | D11: UFA | E11: Ryan Nugent-Hopkins | F11: 1.9 | G11: 1 | U11: =if($D11=U$1,$F11,"") -> 1.9 | V11: =rank(U11,$U$2:$U$173) -> 44 | W11: =if($D11=W$1,$F11,"") | X11: =rank(W11,$W$2:$W$173) -> #N/A
A12: =A11+1 -> 11 | B12: SHF | C12: SHF | D12: RFA | E12: Pyotr Kochetkov | F12: 2.4 | G12: 3 | H12: 2028 2nd (SHF) | U12: =if($D12=U$1,$F12,"") | V12: =rank(U12,$U$2:$U$173) -> #N/A | W12: =if($D12=W$1,$F12,"") -> 2.4 | X12: =rank(W12,$W$2:$W$173) -> 13
A13: =A12+1 -> 12 | B13: SHF | C13: MAC | D13: UFA | E13: Andrei Vasilevsky | F13: 7.4 | G13: 1 | U13: =if($D13=U$1,$F13,"") -> 7.4 | V13: =rank(U13,$U$2:$U$173) -> 4 | W13: =if($D13=W$1,$F13,"") | X13: =rank(W13,$W$2:$W$173) -> #N/A
A14: =A13+1 -> 13 | B14: LPT | C14: JHN | D14: RFA | E14: Dylan Larkin | F14: 2.7 | G14: 4 | U14: =if($D14=U$1,$F14,"") | V14: =rank(U14,$U$2:$U$173) -> #N/A | W14: =if($D14=W$1,$F14,"") -> 2.7 | X14: =rank(W14,$W$2:$W$173) -> 11
A15: =A14+1 -> 14 | B15: LPT | C15: JHN | D15: UFA | E15: Sergei Bobrovsky | F15: 6.5 | G15: 1 | U15: =if($D15=U$1,$F15,"") -> 6.5 | V15: =rank(U15,$U$2:$U$173) -> 5 | W15: =if($D15=W$1,$F15,"") | X15: =rank(W15,$W$2:$W$173) -> #N/A
A16: =A15+1 -> 15 | B16: LGN | C16: LPT | D16: RFA | E16: Kyle Connor | F16: 5.8 | G16: 4 | H16: 2027 1st (HSM) | I16: 2026 2nd (LPT) | J16: 2026 3rd (LPT) | K16: 2027 3rd (MAC) | U16: =if($D16=U$1,$F16,"") | V16: =rank(U16,$U$2:$U$173) -> #N/A | W16: =if($D16=W$1,$F16,"") -> 5.8 | X16: =rank(W16,$W$2:$W$173) -> 3
A17: =A16+1 -> 16 | B17: LGN | C17: BOT | D17: UFA | E17: Travis Konecny | F17: 3.4 | G17: 1 | U17: =if($D17=U$1,$F17,"") -> 3.4 | V17: =rank(U17,$U$2:$U$173) -> 19 | W17: =if($D17=W$1,$F17,"") | X17: =rank(W17,$W$2:$W$173) -> #N/A
A18: =A17+1 -> 17 | B18: HSM | C18: HSM | D18: UFA | E18: Aaron Ekblad | F18: 1.6 | G18: 1 | U18: =if($D18=U$1,$F18,"") -> 1.6 | V18: =rank(U18,$U$2:$U$173) -> 52 | W18: =if($D18=W$1,$F18,"") | X18: =rank(W18,$W$2:$W$173) -> #N/A
A19: =A18+1 -> 18 | B19: VPP | C19: HSM | D19: RFA | E19: Jack Hughes | F19: 5.6 | G19: 3 | U19: =if($D19=U$1,$F19,"") | V19: =rank(U19,$U$2:$U$173) -> #N/A | W19: =if($D19=W$1,$F19,"") -> 5.6 | X19: =rank(W19,$W$2:$W$173) -> 4
A20: =A19+1 -> 19 | B20: VPP | C20: LPT | D20: UFA | E20: Sidney Crosby | F20: 5.2 | G20: 1 | U20: =if($D20=U$1,$F20,"") -> 5.2 | V20: =rank(U20,$U$2:$U$173) -> 11 | W20: =if($D20=W$1,$F20,"") | X20: =rank(W20,$W$2:$W$173) -> #N/A
A21: =A20+1 -> 20 | B21: JHN | C21: ZSK | D21: RFA | E21: Seth Jarvis | F21: 3.2 | G21: 6 | H21: 2027 2nd (ZSK) | I21: 2027 3rd (GVR) | U21: =if($D21=U$1,$F21,"") | V21: =rank(U21,$U$2:$U$173) -> #N/A | W21: =if($D21=W$1,$F21,"") -> 3.2 | X21: =rank(W21,$W$2:$W$173) -> 8
A22: =A21+1 -> 21 | B22: JHN | C22: JHN | D22: UFA | E22: Sam Reinhart | F22: 6.4 | G22: 2 | U22: =if($D22=U$1,$F22,"") -> 6.4 | V22: =rank(U22,$U$2:$U$173) -> 6 | W22: =if($D22=W$1,$F22,"") | X22: =rank(W22,$W$2:$W$173) -> #N/A
A23: =A22+1 -> 22 | B23: GVR | C23: LGN | D23: RFA | E23: Kirill Marchenko | F23: 2.7 | G23: 3 | H23: 2026 2nd (HSM) | I23: 2027 3rd (LPT) | U23: =if($D23=U$1,$F23,"") | V23: =rank(U23,$U$2:$U$173) -> #N/A | W23: =if($D23=W$1,$F23,"") -> 2.7 | X23: =rank(W23,$W$2:$W$173) -> 11
A24: =A23+1 -> 23 | B24: GVR | C24: JHN | D24: UFA | E24: Jake Guentzel | F24: 5.9 | G24: 1 | U24: =if($D24=U$1,$F24,"") -> 5.9 | V24: =rank(U24,$U$2:$U$173) -> 8 | W24: =if($D24=W$1,$F24,"") | X24: =rank(W24,$W$2:$W$173) -> #N/A
A25: =A24+1 -> 24 | B25: BOT | C25: HSM | D25: RFA | E25: Clayton Keller | F25: 3.3 | G25: 5 | U25: =if($D25=U$1,$F25,"") | V25: =rank(U25,$U$2:$U$173) -> #N/A | W25: =if($D25=W$1,$F25,"") -> 3.3 | X25: =rank(W25,$W$2:$W$173) -> 7
A26: =A25+1 -> 25 | B26: BOT | C26: LPT | D26: UFA | E26: Mark Scheifele | F26: 5.7 | G26: 1 | U26: =if($D26=U$1,$F26,"") -> 5.7 | V26: =rank(U26,$U$2:$U$173) -> 9 | W26: =if($D26=W$1,$F26,"") | X26: =rank(W26,$W$2:$W$173) -> #N/A
A27: =A26+1 -> 26 | B27: SRL | C27: GVR | D27: RFA | E27: Matt Boldy | F27: 3.4 | G27: 2 | U27: =if($D27=U$1,$F27,"") | V27: =rank(U27,$U$2:$U$173) -> #N/A | W27: =if($D27=W$1,$F27,"") -> 3.4 | X27: =rank(W27,$W$2:$W$173) -> 6
A28: =A27+1 -> 27 | B28: SRL | C28: JHN | D28: UFA | E28: Zach Hyman | F28: 2 | G28: 1 | U28: =if($D28=U$1,$F28,"") -> 2 | V28: =rank(U28,$U$2:$U$173) -> 40 | W28: =if($D28=W$1,$F28,"") | X28: =rank(W28,$W$2:$W$173) -> #N/A
A29: =A28+1 -> 28 | B29: ZSK | C29: BOT | D29: RFA | E29: Drake Batherson | F29: 1.9 | G29: 1 | U29: =if($D29=U$1,$F29,"") | V29: =rank(U29,$U$2:$U$173) -> #N/A | W29: =if($D29=W$1,$F29,"") -> 1.9 | X29: =rank(W29,$W$2:$W$173) -> 15
A30: =A29+1 -> 29 | B30: ZSK | C30: ZSK | D30: UFA | E30: Mathew Barzal | F30: 2.3 | G30: 2 | U30: =if($D30=U$1,$F30,"") -> 2.3 | V30: =rank(U30,$U$2:$U$173) -> 34 | W30: =if($D30=W$1,$F30,"") | X30: =rank(W30,$W$2:$W$173) -> #N/A
A31: =A30+1 -> 30 | B31: MAC | C31: BOT | D31: RFA | E31: Noah Dobson | F31: 2 | G31: 2 | U31: =if($D31=U$1,$F31,"") | V31: =rank(U31,$U$2:$U$173) -> #N/A | W31: =if($D31=W$1,$F31,"") -> 2 | X31: =rank(W31,$W$2:$W$173) -> 14
A32: =A31+1 -> 31 | B32: MAC | C32: LPT | D32: UFA | E32: Sam Bennett | F32: 1.3 | G32: 1 | U32: =if($D32=U$1,$F32,"") -> 1.3 | V32: =rank(U32,$U$2:$U$173) -> 60 | W32: =if($D32=W$1,$F32,"") | X32: =rank(W32,$W$2:$W$173) -> #N/A
A33: =A32+1 -> 32 | B33: SHF | C33: ZSK | D33: RFA | E33: Lukas Dostal | F33: 0.9 | G33: 4 | U33: =if($D33=U$1,$F33,"") | V33: =rank(U33,$U$2:$U$173) -> #N/A | W33: =if($D33=W$1,$F33,"") -> 0.9 | X33: =rank(W33,$W$2:$W$173) -> 17
A34: =A33+1 -> 33 | B34: SHF | C34: SRL | D34: UFA | E34: Darcy Kuemper | F34: 3.7 | G34: 1 | U34: =if($D34=U$1,$F34,"") -> 3.7 | V34: =rank(U34,$U$2:$U$173) -> 18 | W34: =if($D34=W$1,$F34,"") | X34: =rank(W34,$W$2:$W$173) -> #N/A
A35: =A34+1 -> 34 | B35: LPT | C35: JHN | D35: RFA | E35: Troy Terry | F35: 1.6 | G35: 1 | U35: =if($D35=U$1,$F35,"") | V35: =rank(U35,$U$2:$U$173) -> #N/A | W35: =if($D35=W$1,$F35,"") -> 1.6 | X35: =rank(W35,$W$2:$W$173) -> 16
... A140: =A139+1 -> 139 | B140: SRL | C140: SRL | D140: UFA | E140: Tristan Jarry | F140: 0.5 | G140: 1 | U140: =if($D140=U$1,$F140,"") -> 0.5 | V140: =rank(U140,$U$2:$U$173) -> 104 | W140: =if($D140=W$1,$F140,"") | X140: =rank(W140,$W$2:$W$173) -> #N/A

Sheet 2024
A1: Pick | B1: Intro | C1: Winner | D1: Type | E1: Name | F1: Salary | G1: Term | H1: Picks Transferred | U1: UFA | V1: UFA Rank | W1: RFA | X1: RFA Rank
A2: 1 | B2: GVR | C2: ZSK | D2: RFA | E2: Jake Oettinger | F2: 5.6 | G2: 3 | U2: =if($D2=U$1,$F2,"") | V2: =rank(U2,$U$2:$U$173) -> #N/A | W2: =if($D2=W$1,$F2,"") -> 5.6 | X2: =rank(W2,$W$2:$W$173) -> 4
A3: =A2+1 -> 2 | B3: GVR | C3: SHF | D3: UFA | E3: Sergei Bobrovsky | F3: 6.5 | G3: 1 | U3: =if($D3=U$1,$F3,"") -> 6.5 | V3: =rank(U3,$U$2:$U$173) -> 4 | W3: =if($D3=W$1,$F3,"") | X3: =rank(W3,$W$2:$W$173) -> #N/A
A4: =A3+1 -> 3 | B4: MAC | C4: GVR | D4: RFA | E4: Jason Robertson | F4: 5.6 | G4: 3 | U4: =if($D4=U$1,$F4,"") | V4: =rank(U4,$U$2:$U$173) -> #N/A | W4: =if($D4=W$1,$F4,"") -> 5.6 | X4: =rank(W4,$W$2:$W$173) -> 4
A5: =A4+1 -> 4 | B5: MAC | C5: JHN | D5: UFA | E5: Zach Hyman | F5: 4.7 | G5: 1 | U5: =if($D5=U$1,$F5,"") -> 4.7 | V5: =rank(U5,$U$2:$U$173) -> 12 | W5: =if($D5=W$1,$F5,"") | X5: =rank(W5,$W$2:$W$173) -> #N/A
A6: =A5+1 -> 5 | B6: ZSK | C6: JHN | D6: RFA | E6: Igor Shesterkin | F6: 5.6 | G6: 5 | H6: 2026 2nd (SRL) | I6: 2028 1st (JHN) | U6: =if($D6=U$1,$F6,"") | V6: =rank(U6,$U$2:$U$173) -> #N/A | W6: =if($D6=W$1,$F6,"") -> 5.6 | X6: =rank(W6,$W$2:$W$173) -> 4
A7: =A6+1 -> 6 | B7: ZSK | C7: MAC | D7: UFA | E7: Artermi Panarin | F7: 8.2 | G7: 1 | U7: =if($D7=U$1,$F7,"") -> 8.2 | V7: =rank(U7,$U$2:$U$173) -> 2 | W7: =if($D7=W$1,$F7,"") | X7: =rank(W7,$W$2:$W$173) -> #N/A
A8: =A7+1 -> 7 | B8: HSM | C8: HSM | D8: UFA | E8: Trevor Moore | F8: 0.7 | G8: 2 | U8: =if($D8=U$1,$F8,"") -> 0.7 | V8: =rank(U8,$U$2:$U$173) -> 94 | W8: =if($D8=W$1,$F8,"") | X8: =rank(W8,$W$2:$W$173) -> #N/A
A9: =A8+1 -> 8 | B9: SRL | C9: HSM | D9: RFA | E9: Miro Heiskanen | F9: 5.8 | G9: 2 | H9: 2026 1st (MAC) | I9: 2026 2nd (HSM) | J9: 2027 2nd (HSM) | K9: 2029 3rd (HSM) | U9: =if($D9=U$1,$F9,"") | V9: =rank(U9,$U$2:$U$173) -> #N/A | W9: =if($D9=W$1,$F9,"") -> 5.8 | X9: =rank(W9,$W$2:$W$173) -> 3
A10: =A9+1 -> 9 | B10: SRL | C10: JHN | D10: UFA | E10: Jeff Skinner | F10: 3.6 | G10: 1 | U10: =if($D10=U$1,$F10,"") -> 3.6 | V10: =rank(U10,$U$2:$U$173) -> 17 | W10: =if($D10=W$1,$F10,"") | X10: =rank(W10,$W$2:$W$173) -> #N/A
A11: =A10+1 -> 10 | B11: VPP | C11: SHF | D11: RFA | E11: Nico Hischier | F11: 3.2 | G11: 3 | U11: =if($D11=U$1,$F11,"") | V11: =rank(U11,$U$2:$U$173) -> #N/A | W11: =if($D11=W$1,$F11,"") -> 3.2 | X11: =rank(W11,$W$2:$W$173) -> 11
A12: =A11+1 -> 11 | B12: VPP | C12: LPT | D12: UFA | E12: JT Miller | F12: 5.4 | G12: 1 | U12: =if($D12=U$1,$F12,"") -> 5.4 | V12: =rank(U12,$U$2:$U$173) -> 8 | W12: =if($D12=W$1,$F12,"") | X12: =rank(W12,$W$2:$W$173) -> #N/A
A13: =A12+1 -> 12 | B13: LPT | C13: GVR | D13: RFA | E13: Mitch Marner | F13: 6.4 | G13: 3 | U13: =if($D13=U$1,$F13,"") | V13: =rank(U13,$U$2:$U$173) -> #N/A | W13: =if($D13=W$1,$F13,"") -> 6.4 | X13: =rank(W13,$W$2:$W$173) -> 2
A14: =A13+1 -> 13 | B14: LPT | C14: LGN | D14: UFA | E14: Nazim Kadri | F14: 2.5 | G14: 2 | U14: =if($D14=U$1,$F14,"") -> 2.5 | V14: =rank(U14,$U$2:$U$173) -> 34 | W14: =if($D14=W$1,$F14,"") | X14: =rank(W14,$W$2:$W$173) -> #N/A
A15: =A14+1 -> 14 | B15: LGN | C15: GVR | D15: RFA | E15: Connor McDavid | F15: 11.4 | G15: 7 | U15: =if($D15=U$1,$F15,"") | V15: =rank(U15,$U$2:$U$173) -> #N/A | W15: =if($D15=W$1,$F15,"") -> 11.4 | X15: =rank(W15,$W$2:$W$173) -> 1
A16: =A15+1 -> 15 | B16: LGN | C16: JHN | D16: UFA | E16: Steven Stamkos | F16: 5 | G16: 1 | U16: =if($D16=U$1,$F16,"") -> 5 | V16: =rank(U16,$U$2:$U$173) -> 11 | W16: =if($D16=W$1,$F16,"") | X16: =rank(W16,$W$2:$W$173) -> #N/A
A17: =A16+1 -> 16 | B17: BOT | C17: SRL | D17: RFA | E17: Aleksander Barkov | F17: 5.5 | G17: 3 | H17: 2029 1st (SRL) | I17: 2028 2nd (SRL) | U17: =if($D17=U$1,$F17,"") | V17: =rank(U17,$U$2:$U$173) -> #N/A | W17: =if($D17=W$1,$F17,"") -> 5.5 | X17: =rank(W17,$W$2:$W$173) -> 8
A18: =A17+1 -> 17 | B18: BOT | C18: BOT | D18: UFA | E18: Frederik Andersen | F18: 2 | G18: 1 | U18: =if($D18=U$1,$F18,"") -> 2 | V18: =rank(U18,$U$2:$U$173) -> 43 | W18: =if($D18=W$1,$F18,"") | X18: =rank(W18,$W$2:$W$173) -> #N/A
A19: =A18+1 -> 18 | B19: SHF | C19: SHF | D19: RFA | E19: Stuart Skinner | F19: 5.6 | G19: 3 | H19: 2026 2nd (SHF) | I19: 2026 1st (SRL) | U19: =if($D19=U$1,$F19,"") | V19: =rank(U19,$U$2:$U$173) -> #N/A | W19: =if($D19=W$1,$F19,"") -> 5.6 | X19: =rank(W19,$W$2:$W$173) -> 4
A20: =A19+1 -> 19 | B20: SHF | C20: HSM | D20: UFA | E20: Filip Forsberg | F20: 5.7 | G20: 1 | U20: =if($D20=U$1,$F20,"") -> 5.7 | V20: =rank(U20,$U$2:$U$173) -> 5 | W20: =if($D20=W$1,$F20,"") | X20: =rank(W20,$W$2:$W$173) -> #N/A
A21: =A20+1 -> 20 | B21: JHN | C21: VPP | D21: RFA | E21: Mathew Barzal | F21: 4.9 | G21: 1 | U21: =if($D21=U$1,$F21,"") | V21: =rank(U21,$U$2:$U$173) -> #N/A | W21: =if($D21=W$1,$F21,"") -> 4.9 | X21: =rank(W21,$W$2:$W$173) -> 9
A22: =A21+1 -> 21 | B22: JHN | C22: MAC | D22: UFA | E22: Brent Burns | F22: 2.2 | G22: 1 | U22: =if($D22=U$1,$F22,"") -> 2.2 | V22: =rank(U22,$U$2:$U$173) -> 37 | W22: =if($D22=W$1,$F22,"") | X22: =rank(W22,$W$2:$W$173) -> #N/A
A23: =A22+1 -> 22 | B23: GVR | C23: LGN | D23: RFA | E23: Ukko-Pekka Luukkonen | F23: 2.4 | G23: 2 | U23: =if($D23=U$1,$F23,"") | V23: =rank(U23,$U$2:$U$173) -> #N/A | W23: =if($D23=W$1,$F23,"") -> 2.4 | X23: =rank(W23,$W$2:$W$173) -> 12
A24: =A23+1 -> 23 | B24: GVR | C24: LGN | D24: UFA | E24: Gustav Nyquist | F24: 1.8 | G24: 2 | U24: =if($D24=U$1,$F24,"") -> 1.8 | V24: =rank(U24,$U$2:$U$173) -> 48 | W24: =if($D24=W$1,$F24,"") | X24: =rank(W24,$W$2:$W$173) -> #N/A
A25: =A24+1 -> 24 | B25: MAC | C25: LGN | D25: UFA | E25: Brock Boeser | F25: 3.2 | G25: 2 | H25: 2027 2nd (HSM) | I25: 2026 3rd (LGN) | U25: =if($D25=U$1,$F25,"") -> 3.2 | V25: =rank(U25,$U$2:$U$173) -> 22 | W25: =if($D25=W$1,$F25,"") | X25: =rank(W25,$W$2:$W$173) -> #N/A
A26: =A25+1 -> 25 | B26: MAC | C26: GVR | D26: UFA | E26: Alex Ovechkin | F26: 2.6 | G26: 1 | U26: =if($D26=U$1,$F26,"") -> 2.6 | V26: =rank(U26,$U$2:$U$173) -> 32 | W26: =if($D26=W$1,$F26,"") | X26: =rank(W26,$W$2:$W$173) -> #N/A
A27: =A26+1 -> 26 | B27: ZSK | C27: LGN | D27: RFA | E27: Lucas Raymond | F27: 4.5 | G27: 5 | H27: 2025 1st (LPT) | I27: 2027 3rd (HSM) | U27: =if($D27=U$1,$F27,"") | V27: =rank(U27,$U$2:$U$173) -> #N/A | W27: =if($D27=W$1,$F27,"") -> 4.5 | X27: =rank(W27,$W$2:$W$173) -> 10
A28: =A27+1 -> 27 | B28: ZSK | C28: MAC | D28: UFA | E28: Sidney Crosby | F28: 5.3 | G28: 1 | U28: =if($D28=U$1,$F28,"") -> 5.3 | V28: =rank(U28,$U$2:$U$173) -> 10 | W28: =if($D28=W$1,$F28,"") | X28: =rank(W28,$W$2:$W$173) -> #N/A
A29: =A28+1 -> 28 | B29: HSM | C29: LGN | D29: UFA | E29: Travis Sanheim | F29: 0.9 | G29: 1 | U29: =if($D29=U$1,$F29,"") -> 0.9 | V29: =rank(U29,$U$2:$U$173) -> 75 | W29: =if($D29=W$1,$F29,"") | X29: =rank(W29,$W$2:$W$173) -> #N/A
A30: =A29+1 -> 29 | B30: SRL | C30: SRL | D30: RFA | E30: Owen Tippett | F30: 0.9 | G30: 3 | U30: =if($D30=U$1,$F30,"") | V30: =rank(U30,$U$2:$U$173) -> #N/A | W30: =if($D30=W$1,$F30,"") -> 0.9 | X30: =rank(W30,$W$2:$W$173) -> 17
A31: =A30+1 -> 30 | B31: SRL | C31: ZSK | D31: UFA | E31: Zach Werenski | F31: 3 | G31: 1 | U31: =if($D31=U$1,$F31,"") -> 3 | V31: =rank(U31,$U$2:$U$173) -> 27 | W31: =if($D31=W$1,$F31,"") | X31: =rank(W31,$W$2:$W$173) -> #N/A
A32: =A31+1 -> 31 | B32: VPP | C32: VPP | D32: RFA | E32: Casey Mittelstadt | F32: 1.9 | G32: 3 | U32: =if($D32=U$1,$F32,"") | V32: =rank(U32,$U$2:$U$173) -> #N/A | W32: =if($D32=W$1,$F32,"") -> 1.9 | X32: =rank(W32,$W$2:$W$173) -> 15
A33: =A32+1 -> 32 | B33: VPP | C33: JHN | D33: UFA | E33: Sebastian Aho | F33: 5.7 | G33: 1 | U33: =if($D33=U$1,$F33,"") -> 5.7 | V33: =rank(U33,$U$2:$U$173) -> 5 | W33: =if($D33=W$1,$F33,"") | X33: =rank(W33,$W$2:$W$173) -> #N/A
A34: =A33+1 -> 33 | B34: LPT | C34: ZSK | D34: RFA | E34: Gabe Vilardi | F34: 0.9 | G34: 2 | U34: =if($D34=U$1,$F34,"") | V34: =rank(U34,$U$2:$U$173) -> #N/A | W34: =if($D34=W$1,$F34,"") -> 0.9 | X34: =rank(W34,$W$2:$W$173) -> 17
A35: =A34+1 -> 34 | B35: LPT | C35: BOT | D35: UFA | E35: Chris Kreider | F35: 2.5 | G35: 1 | U35: =if($D35=U$1,$F35,"") -> 2.5 | V35: =rank(U35,$U$2:$U$173) -> 34 | W35: =if($D35=W$1,$F35,"") | X35: =rank(W35,$W$2:$W$173) -> #N/A
A36: =A35+1 -> 35 | B36: LGN | C36: LPT | D36: RFA | E36: Josh Norris | F36: 1.2 | G36: 1 | U36: =if($D36=U$1,$F36,"") | V36: =rank(U36,$U$2:$U$173) -> #N/A | W36: =if($D36=W$1,$F36,"") -> 1.2 | X36: =rank(W36,$W$2:$W$173) -> 16
A37: =A36+1 -> 36 | B37: LGN | C37: LPT | D37: UFA | E37: Roman Josi | F37: 5.4 | G37: 2 | U37: =if($D37=U$1,$F37,"") -> 5.4 | V37: =rank(U37,$U$2:$U$173) -> 8 | W37: =if($D37=W$1,$F37,"") | X37: =rank(W37,$W$2:$W$173) -> #N/A
A38: =A37+1 -> 37 | B38: BOT | C38: LPT | D38: RFA | E38: Alex Tuch | F38: 2 | G38: 2 | U38: =if($D38=U$1,$F38,"") | V38: =rank(U38,$U$2:$U$173) -> #N/A | W38: =if($D38=W$1,$F38,"") -> 2 | X38: =rank(W38,$W$2:$W$173) -> 14
A39: =A38+1 -> 38 | B39: BOT | C39: JHN | D39: UFA | E39: Cam Talbot | F39: 0.7 | G39: 1 | U39: =if($D39=U$1,$F39,"") -> 0.7 | V39: =rank(U39,$U$2:$U$173) -> 94 | W39: =if($D39=W$1,$F39,"") | X39: =rank(W39,$W$2:$W$173) -> #N/A
A40: =A39+1 -> 39 | B40: SHF | C40: SRL | D40: RFA | E40: Martin Necas | F40: 2.4 | G40: 4 | H40: 2029 2nd (SRL) | U40: =if($D40=U$1,$F40,"") | V40: =rank(U40,$U$2:$U$173) -> #N/A | W40: =if($D40=W$1,$F40,"") -> 2.4 | X40: =rank(W40,$W$2:$W$173) -> 12
A41: =A40+1 -> 40 | B41: SHF | C41: VPP | D41: UFA | E41: Jacob Markstrom | F41: 6.8 | G41: 1 | U41: =if($D41=U$1,$F41,"") -> 6.8 | V41: =rank(U41,$U$2:$U$173) -> 3 | W41: =if($D41=W$1,$F41,"") | X41: =rank(W41,$W$2:$W$173) -> #N/A
A42: =A41+1 -> 41 | B42: JHN | C42: HSM | D42: RFA | E42: Anthony Duclair | F42: 0.6 | G42: 1 | U42: =if($D42=U$1,$F42,"") | V42: =rank(U42,$U$2:$U$173) -> #N/A | W42: =if($D42=W$1,$F42,"") -> 0.6 | X42: =rank(W42,$W$2:$W$173) -> 20
A43: =A42+1 -> 42 | B43: JHN | C43: VPP | D43: UFA | E43: Darnell Nurse | F43: 0.8 | G43: 2 | U43: =if($D43=U$1,$F43,"") -> 0.8 | V43: =rank(U43,$U$2:$U$173) -> 83 | W43: =if($D43=W$1,$F43,"") | X43: =rank(W43,$W$2:$W$173) -> #N/A
A44: =A43+1 -> 43 | B44: GVR | C44: LPT | D44: RFA | E44: Filip Chytil | F44: 0.9 | G44: 2 | U44: =if($D44=U$1,$F44,"") | V44: =rank(U44,$U$2:$U$173) -> #N/A | W44: =if($D44=W$1,$F44,"") -> 0.9 | X44: =rank(W44,$W$2:$W$173) -> 17
A45: =A44+1 -> 44 | B45: GVR | C45: MAC | D45: UFA | E45: Jordan Binnington | F45: 3 | G45: 1 | U45: =if($D45=U$1,$F45,"") -> 3 | V45: =rank(U45,$U$2:$U$173) -> 27 | W45: =if($D45=W$1,$F45,"") | X45: =rank(W45,$W$2:$W$173) -> #N/A
A46: =A45+1 -> 45 | B46: MAC | C46: GVR | D46: RFA | E46: Timothy Liljegren | F46: 0.5 | G46: 1 | U46: =if($D46=U$1,$F46,"") | V46: =rank(U46,$U$2:$U$173) -> #N/A | W46: =if($D46=W$1,$F46,"") -> 0.5 | X46: =rank(W46,$W$2:$W$173) -> 21
A47: =A46+1 -> 46 | B47: MAC | C47: VPP | D47: UFA | E47: Elias Lindholm | F47: 3.2 | G47: 2 | U47: =if($D47=U$1,$F47,"") -> 3.2 | V47: =rank(U47,$U$2:$U$173) -> 22 | W47: =if($D47=W$1,$F47,"") | X47: =rank(W47,$W$2:$W$173) -> #N/A
A48: =A47+1 -> 47 | B48: ZSK | C48: MAC | D48: UFA | E48: Andrei Vasilevskiy | F48: 8.4 | G48: 1 | U48: =if($D48=U$1,$F48,"") -> 8.4 | V48: =rank(U48,$U$2:$U$173) -> 1 | W48: =if($D48=W$1,$F48,"") | X48: =rank(W48,$W$2:$W$173) -> #N/A
A49: =A48+1 -> 48 | B49: HSM | C49: SRL | D49: UFA | E49: Shea Theodore | F49: 3.2 | G49: 2 | U49: =if($D49=U$1,$F49,"") -> 3.2 | V49: =rank(U49,$U$2:$U$173) -> 22 | W49: =if($D49=W$1,$F49,"") | X49: =rank(W49,$W$2:$W$173) -> #N/A
A50: =A49+1 -> 49 | B50: SRL | C50: VPP | D50: UFA | E50: Linus Ullmark | F50: 3.5 | G50: 2 | U50: =if($D50=U$1,$F50,"") -> 3.5 | V50: =rank(U50,$U$2:$U$173) -> 19 | W50: =if($D50=W$1,$F50,"") | X50: =rank(W50,$W$2:$W$173) -> #N/A
A51: =A50+1 -> 50 | B51: VPP | C51: LGN | D51: UFA | E51: Darcy Kuemper | F51: 2.9 | G51: 1 | U51: =if($D51=U$1,$F51,"") -> 2.9 | V51: =rank(U51,$U$2:$U$173) -> 30 | W51: =if($D51=W$1,$F51,"") | X51: =rank(W51,$W$2:$W$173) -> #N/A
A52: =A51+1 -> 51 | B52: LPT | C52: LGN | D52: UFA | E52: Brad Marchand | F52: 3 | G52: 1 | U52: =if($D52=U$1,$F52,"") -> 3 | V52: =rank(U52,$U$2:$U$173) -> 27 | W52: =if($D52=W$1,$F52,"") | X52: =rank(W52,$W$2:$W$173) -> #N/A
... A157: =A156+1 -> 156 | B157: SHF | C157: SHF | D157: UFA | E157: Sean Couturier | F157: 0.5 | G157: 1 | U157: =if($D157=U$1,$F157,"") -> 0.5 | V157: =rank(U157,$U$2:$U$173) -> 113 | W157: =if($D157=W$1,$F157,"") | X157: =rank(W157,$W$2:$W$173) -> #N/A
U158: =if($D158=U$1,$F158,"") | W158: =if($D158=W$1,$F158,"")
U159: =if($D159=U$1,$F159,"") | W159: =if($D159=W$1,$F159,"")
U160: =if($D160=U$1,$F160,"") | W160: =if($D160=W$1,$F160,"")
U161: =if($D161=U$1,$F161,"") | W161: =if($D161=W$1,$F161,"")
U162: =if($D162=U$1,$F162,"") | W162: =if($D162=W$1,$F162,"")
U163: =if($D163=U$1,$F163,"") | W163: =if($D163=W$1,$F163,"")
U164: =if($D164=U$1,$F164,"") | W164: =if($D164=W$1,$F164,"")
U165: =if($D165=U$1,$F165,"") | W165: =if($D165=W$1,$F165,"")
U166: =if($D166=U$1,$F166,"") | W166: =if($D166=W$1,$F166,"")
U167: =if($D167=U$1,$F167,"") | W167: =if($D167=W$1,$F167,"")
U168: =if($D168=U$1,$F168,"") | W168: =if($D168=W$1,$F168,"")
U169: =if($D169=U$1,$F169,"") | W169: =if($D169=W$1,$F169,"")
... U173: =if($D173=U$1,$F173,"") | W173: =if($D173=W$1,$F173,"")

Sheet 2023
A1: Pick | B1: Intro | C1: Winner | D1: Type | E1: Name | F1: Salary | G1: Term | H1: Picks Transferred | U1: UFA | V1: UFA Rank | W1: RFA | X1: RFA Rank
A2: 1 | B2: Drew | C2: Lloyd | D2: RFA | E2: Tage Thompson | F2: 6 | G2: 4 | H2: 2024 1st (SRL) | I2: 2024 3rd | J2: 2025 2nd | K2: 2025 3rd | U2: =if($D2=U$1,$F2,"") | V2: =rank(U2,$U$2:$U$173) -> #N/A | W2: =if($D2=W$1,$F2,"") -> 6 | X2: =rank(W2,$W$2:$W$173) -> 5
A3: =A2+1 -> 2 | B3: Drew | C3: Drew | D3: UFA | E3: Artemi Panarin | F3: 7.3 | G3: 1 | U3: =if($D3=U$1,$F3,"") -> 7.3 | V3: =rank(U3,$U$2:$U$173) -> 2 | W3: =if($D3=W$1,$F3,"") | X3: =rank(W3,$W$2:$W$173) -> #N/A
A4: =A3+1 -> 3 | B4: Tevie | C4: Mike | D4: RFA | E4: Leon Draisaitl | F4: 11.4 | G4: 6 | H4: 2024 1st (BOT), 2025 1st (LPT), 2026 1st (LPT), 2027 1st (LPT) | U4: =if($D4=U$1,$F4,"") | V4: =rank(U4,$U$2:$U$173) -> #N/A | W4: =if($D4=W$1,$F4,"") -> 11.4 | X4: =rank(W4,$W$2:$W$173) -> 1
A5: =A4+1 -> 4 | B5: Tevie | C5: Zale | D5: UFA | E5: Ryan Nugent-Hopkins | F5: 4.5 | G5: 2 | U5: =if($D5=U$1,$F5,"") -> 4.5 | V5: =rank(U5,$U$2:$U$173) -> 11 | W5: =if($D5=W$1,$F5,"") | X5: =rank(W5,$W$2:$W$173) -> #N/A
A6: =A5+1 -> 5 | B6: Kyle | C6: Masliyah | D6: RFA | E6: Shea Theodore | F6: 3.2 | G6: 1 | U6: =if($D6=U$1,$F6,"") | V6: =rank(U6,$U$2:$U$173) -> #N/A | W6: =if($D6=W$1,$F6,"") -> 3.2 | X6: =rank(W6,$W$2:$W$173) -> 12
A7: =A6+1 -> 6 | B7: Kyle | C7: Staav | D7: UFA | E7: Nikita Kucherov | F7: 8.5 | G7: 2 | U7: =if($D7=U$1,$F7,"") -> 8.5 | V7: =rank(U7,$U$2:$U$173) -> 1 | W7: =if($D7=W$1,$F7,"") | X7: =rank(W7,$W$2:$W$173) -> #N/A
A8: =A7+1 -> 7 | B8: Shafran | C8: Tevie | D8: RFA | E8: Nathan MacKinnon | F8: 8.5 | G8: 5 | U8: =if($D8=U$1,$F8,"") | V8: =rank(U8,$U$2:$U$173) -> #N/A | W8: =if($D8=W$1,$F8,"") -> 8.5 | X8: =rank(W8,$W$2:$W$173) -> 2
A9: =A8+1 -> 8 | B9: Shafran | C9: Shafran | D9: UFA | E9: Vitek Vanecek | F9: 5.5 | G9: 1 | U9: =if($D9=U$1,$F9,"") -> 5.5 | V9: =rank(U9,$U$2:$U$173) -> 9 | W9: =if($D9=W$1,$F9,"") | X9: =rank(W9,$W$2:$W$173) -> #N/A
A10: =A9+1 -> 9 | B10: Zale | C10: Kyle | D10: RFA | E10: Ilya Samsonov | F10: 3.2 | G10: 2 | U10: =if($D10=U$1,$F10,"") | V10: =rank(U10,$U$2:$U$173) -> #N/A | W10: =if($D10=W$1,$F10,"") -> 3.2 | X10: =rank(W10,$W$2:$W$173) -> 12
A11: =A10+1 -> 10 | B11: Zale | C11: Tevie | D11: UFA | E11: Sidney Crosby | F11: 6.2 | G11: 1 | U11: =if($D11=U$1,$F11,"") -> 6.2 | V11: =rank(U11,$U$2:$U$173) -> 7 | W11: =if($D11=W$1,$F11,"") | X11: =rank(W11,$W$2:$W$173) -> #N/A
A12: =A11+1 -> 11 | B12: Staav | C12: Staav | D12: RFA | E12: Thatcher Demko | F12: 3 | G12: 3 | U12: =if($D12=U$1,$F12,"") | V12: =rank(U12,$U$2:$U$173) -> #N/A | W12: =if($D12=W$1,$F12,"") -> 3 | X12: =rank(W12,$W$2:$W$173) -> 16
A13: =A12+1 -> 12 | B13: Staav | C13: Craig | D13: UFA | E13: Erik Karlsson | F13: 6.4 | G13: 1 | U13: =if($D13=U$1,$F13,"") -> 6.4 | V13: =rank(U13,$U$2:$U$173) -> 6 | W13: =if($D13=W$1,$F13,"") | X13: =rank(W13,$W$2:$W$173) -> #N/A
A14: =A13+1 -> 13 | B14: Searle | C14: Searle | D14: RFA | E14: Brayden Point | F14: 6.8 | G14: 3 | U14: =if($D14=U$1,$F14,"") | V14: =rank(U14,$U$2:$U$173) -> #N/A | W14: =if($D14=W$1,$F14,"") -> 6.8 | X14: =rank(W14,$W$2:$W$173) -> 3
A15: =A14+1 -> 14 | B15: Searle | C15: Kyle | D15: UFA | E15: Johnny Gaudreau | F15: 4.5 | G15: 1 | U15: =if($D15=U$1,$F15,"") -> 4.5 | V15: =rank(U15,$U$2:$U$173) -> 11 | W15: =if($D15=W$1,$F15,"") | X15: =rank(W15,$W$2:$W$173) -> #N/A
A16: =A15+1 -> 15 | B16: Mike | C16: Shafran | D16: RFA | E16: David Pastrnak | F16: 6.7 | G16: 4 | U16: =if($D16=U$1,$F16,"") | V16: =rank(U16,$U$2:$U$173) -> #N/A | W16: =if($D16=W$1,$F16,"") -> 6.7 | X16: =rank(W16,$W$2:$W$173) -> 4
... A20: =A19+1 -> 19 | B20: Lloyd | C20: Lloyd | D20: UFA | E20: Ilya Sorokin | F20: 6.5 | G20: 1 | U20: =if($D20=U$1,$F20,"") -> 6.5 | V20: =rank(U20,$U$2:$U$173) -> 4 | W20: =if($D20=W$1,$F20,"") | X20: =rank(W20,$W$2:$W$173) -> #N/A
A21: =A20+1 -> 20 | B21: Drew | C21: Kyle | D21: RFA | E21: Josh Morrissey | F21: 4.8 | G21: 2 | H21: 2024 1st (SRL), 2024 3rd (BOT) | U21: =if($D21=U$1,$F21,"") | V21: =rank(U21,$U$2:$U$173) -> #N/A | W21: =if($D21=W$1,$F21,"") -> 4.8 | X21: =rank(W21,$W$2:$W$173) -> 9
A22: =A21+1 -> 21 | B22: Drew | C22: Shafran | D22: UFA | E22: Dougie Hamilton | F22: 4.2 | G22: 2 | U22: =if($D22=U$1,$F22,"") -> 4.2 | V22: =rank(U22,$U$2:$U$173) -> 16 | W22: =if($D22=W$1,$F22,"") | X22: =rank(W22,$W$2:$W$173) -> #N/A
A23: =A22+1 -> 22 | B23: Tevie | C23: Tevie | D23: RFA | E23: Morgan Rielly | F23: 3.2 | G23: 3 | U23: =if($D23=U$1,$F23,"") | V23: =rank(U23,$U$2:$U$173) -> #N/A | W23: =if($D23=W$1,$F23,"") -> 3.2 | X23: =rank(W23,$W$2:$W$173) -> 12
A24: =A23+1 -> 23 | B24: Tevie | C24: Staav | D24: UFA | E24: Jamie Benn | F24: 1.8 | G24: 1 | U24: =if($D24=U$1,$F24,"") -> 1.8 | V24: =rank(U24,$U$2:$U$173) -> 51 | W24: =if($D24=W$1,$F24,"") | X24: =rank(W24,$W$2:$W$173) -> #N/A
A25: =A24+1 -> 24 | B25: Kyle | C25: Searle | D25: RFA | E25: William Nylander | F25: 5.2 | G25: 3 | H25: 2024 1st (MAC), 2025 2nd (SRL) | U25: =if($D25=U$1,$F25,"") | V25: =rank(U25,$U$2:$U$173) -> #N/A | W25: =if($D25=W$1,$F25,"") -> 5.2 | X25: =rank(W25,$W$2:$W$173) -> 8
A26: =A25+1 -> 25 | B26: Kyle | C26: Kyle | D26: UFA | E26: Seth Jones | F26: 1.9 | G26: 1 | U26: =if($D26=U$1,$F26,"") -> 1.9 | V26: =rank(U26,$U$2:$U$173) -> 47 | W26: =if($D26=W$1,$F26,"") | X26: =rank(W26,$W$2:$W$173) -> #N/A
A27: =A26+1 -> 26 | B27: Shafran | C27: Mike | D27: RFA | E27: Rasmus Dahlin | F27: 5.6 | G27: 7 | H27: 2024 1st (MAC), 2025 2nd (SRL) | U27: =if($D27=U$1,$F27,"") | V27: =rank(U27,$U$2:$U$173) -> #N/A | W27: =if($D27=W$1,$F27,"") -> 5.6 | X27: =rank(W27,$W$2:$W$173) -> 6
A28: =A27+1 -> 27 | B28: Shafran | C28: Masliyah | D28: UFA | E28: Connor Hellebuyck | F28: 7.1 | G28: 2 | U28: =if($D28=U$1,$F28,"") -> 7.1 | V28: =rank(U28,$U$2:$U$173) -> 3 | W28: =if($D28=W$1,$F28,"") | X28: =rank(W28,$W$2:$W$173) -> #N/A
A29: =A28+1 -> 28 | B29: Zale | C29: Craig | D29: RFA | E29: Jordan Kyrou | F29: 4 | G29: 5 | U29: =if($D29=U$1,$F29,"") | V29: =rank(U29,$U$2:$U$173) -> #N/A | W29: =if($D29=W$1,$F29,"") -> 4 | X29: =rank(W29,$W$2:$W$173) -> 10
A30: =A29+1 -> 29 | B30: Zale | C30: Craig | D30: UFA | E30: Steven Stamkos | F30: 4.9 | G30: 1 | U30: =if($D30=U$1,$F30,"") -> 4.9 | V30: =rank(U30,$U$2:$U$173) -> 10 | W30: =if($D30=W$1,$F30,"") | X30: =rank(W30,$W$2:$W$173) -> #N/A
A31: =A30+1 -> 30 | B31: Staav | C31: Zale | D31: RFA | E31: Pavel Buchnevich | F31: 2.4 | G31: 4 | U31: =if($D31=U$1,$F31,"") | V31: =rank(U31,$U$2:$U$173) -> #N/A | W31: =if($D31=W$1,$F31,"") -> 2.4 | X31: =rank(W31,$W$2:$W$173) -> 21
A32: =A31+1 -> 31 | B32: Staav | C32: Staav | D32: UFA | E32: Linus Ullmark | F32: 6.5 | G32: 1 | U32: =if($D32=U$1,$F32,"") -> 6.5 | V32: =rank(U32,$U$2:$U$173) -> 4 | W32: =if($D32=W$1,$F32,"") | X32: =rank(W32,$W$2:$W$173) -> #N/A
A33: =A32+1 -> 32 | B33: Searle | C33: Tevie | D33: RFA | E33: Mikhail Sergachev | F33: 3 | G33: 3 | U33: =if($D33=U$1,$F33,"") | V33: =rank(U33,$U$2:$U$173) -> #N/A | W33: =if($D33=W$1,$F33,"") -> 3 | X33: =rank(W33,$W$2:$W$173) -> 16
A34: =A33+1 -> 33 | B34: Searle | C34: Craig | D34: UFA | E34: Evgeni Malkin | F34: 3.5 | G34: 1 | U34: =if($D34=U$1,$F34,"") -> 3.5 | V34: =rank(U34,$U$2:$U$173) -> 21 | W34: =if($D34=W$1,$F34,"") | X34: =rank(W34,$W$2:$W$173) -> #N/A
A35: =A34+1 -> 34 | B35: Mike | C35: Zale | D35: RFA | E35: Nick Suzuki | F35: 3 | G35: 4 | U35: =if($D35=U$1,$F35,"") | V35: =rank(U35,$U$2:$U$173) -> #N/A | W35: =if($D35=W$1,$F35,"") -> 3 | X35: =rank(W35,$W$2:$W$173) -> 16
A36: =A35+1 -> 35 | B36: Mike | C36: Drew | D36: UFA | E36: Mika Zibanejad | F36: 6 | G36: 1 | U36: =if($D36=U$1,$F36,"") -> 6 | V36: =rank(U36,$U$2:$U$173) -> 8 | W36: =if($D36=W$1,$F36,"") | X36: =rank(W36,$W$2:$W$173) -> #N/A
A37: =A36+1 -> 36 | B37: Masliyah | C37: Zale | D37: UFA | E37: Joel Eriksson Ek | F37: 1.6 | G37: 1 | U37: =if($D37=U$1,$F37,"") -> 1.6 | V37: =rank(U37,$U$2:$U$173) -> 55 | W37: =if($D37=W$1,$F37,"") | X37: =rank(W37,$W$2:$W$173) -> #N/A
A38: =A37+1 -> 37 | B38: Craig | C38: Drew | D38: RFA | E38: Sebastian Aho | F38: 5.6 | G38: 1 | U38: =if($D38=U$1,$F38,"") | V38: =rank(U38,$U$2:$U$173) -> #N/A | W38: =if($D38=W$1,$F38,"") -> 5.6 | X38: =rank(W38,$W$2:$W$173) -> 6
A39: =A38+1 -> 38 | B39: Craig | C39: Kyle | D39: UFA | E39: Jeff Skinner | F39: 2.3 | G39: 1 | U39: =if($D39=U$1,$F39,"") -> 2.3 | V39: =rank(U39,$U$2:$U$173) -> 37 | W39: =if($D39=W$1,$F39,"") | X39: =rank(W39,$W$2:$W$173) -> #N/A
... A45: =A44+1 -> 44 | B45: Tevie | C45: Lloyd | D45: UFA | E45: Darnell Nurse | F45: 1.7 | G45: 1 | U45: =if($D45=U$1,$F45,"") -> 1.7 | V45: =rank(U45,$U$2:$U$173) -> 53 | W45: =if($D45=W$1,$F45,"") | X45: =rank(W45,$W$2:$W$173) -> #N/A
A46: =A45+1 -> 45 | B46: Kyle | C46: Kyle | D46: RFA | E46: Aaron Ekblad | F46: 2.2 | G46: 2 | H46: 2024 2nd (MAC) | U46: =if($D46=U$1,$F46,"") | V46: =rank(U46,$U$2:$U$173) -> #N/A | W46: =if($D46=W$1,$F46,"") -> 2.2 | X46: =rank(W46,$W$2:$W$173) -> 22
A47: =A46+1 -> 46 | B47: Kyle | C47: Tevie | D47: UFA | E47: Anze Kopitar | F47: 2.6 | G47: 1 | U47: =if($D47=U$1,$F47,"") -> 2.6 | V47: =rank(U47,$U$2:$U$173) -> 31 | W47: =if($D47=W$1,$F47,"") | X47: =rank(W47,$W$2:$W$173) -> #N/A
A48: =A47+1 -> 47 | B48: Shafran | C48: Kyle | D48: RFA | E48: Drake Batherson | F48: 1.7 | G48: 2 | U48: =if($D48=U$1,$F48,"") | V48: =rank(U48,$U$2:$U$173) -> #N/A | W48: =if($D48=W$1,$F48,"") -> 1.7 | X48: =rank(W48,$W$2:$W$173) -> 24
A49: =A48+1 -> 48 | B49: Shafran | C49: Craig | D49: UFA | E49: Samuel Girard | F49: 1.1 | G49: 1 | U49: =if($D49=U$1,$F49,"") -> 1.1 | V49: =rank(U49,$U$2:$U$173) -> 71 | W49: =if($D49=W$1,$F49,"") | X49: =rank(W49,$W$2:$W$173) -> #N/A
A50: =A49+1 -> 49 | B50: Zale | C50: Masliyah | D50: RFA | E50: Travis Konecny | F50: 2.8 | G50: 2 | H50: 2024 2nd (MAC), 2024 2nd (SHF) | U50: =if($D50=U$1,$F50,"") | V50: =rank(U50,$U$2:$U$173) -> #N/A | W50: =if($D50=W$1,$F50,"") -> 2.8 | X50: =rank(W50,$W$2:$W$173) -> 20
A51: =A50+1 -> 50 | B51: Zale | C51: Tevie | D51: UFA | E51: John Tavares | F51: 4.3 | G51: 1 | U51: =if($D51=U$1,$F51,"") -> 4.3 | V51: =rank(U51,$U$2:$U$173) -> 15 | W51: =if($D51=W$1,$F51,"") | X51: =rank(W51,$W$2:$W$173) -> #N/A
A52: =A51+1 -> 51 | B52: Staav | C52: Tevie | D52: RFA | E52: Ivan Provorov | F52: 0.7 | G52: 1 | U52: =if($D52=U$1,$F52,"") | V52: =rank(U52,$U$2:$U$173) -> #N/A | W52: =if($D52=W$1,$F52,"") -> 0.7 | X52: =rank(W52,$W$2:$W$173) -> 25
A53: =A52+1 -> 52 | B53: Staav | C53: Craig | D53: UFA | E53: Claude Giroux | F53: 2.5 | G53: 1 | U53: =if($D53=U$1,$F53,"") -> 2.5 | V53: =rank(U53,$U$2:$U$173) -> 34 | W53: =if($D53=W$1,$F53,"") | X53: =rank(W53,$W$2:$W$173) -> #N/A
A54: =A53+1 -> 53 | B54: Searle | C54: Mike | D54: RFA | E54: Filip Gustavsson | F54: 3.2 | G54: 3 | U54: =if($D54=U$1,$F54,"") | V54: =rank(U54,$U$2:$U$173) -> #N/A | W54: =if($D54=W$1,$F54,"") -> 3.2 | X54: =rank(W54,$W$2:$W$173) -> 12
A55: =A54+1 -> 54 | B55: Searle | C55: Lloyd | D55: UFA | E55: Jordan Binnnington | F55: 3.5 | G55: 1 | U55: =if($D55=U$1,$F55,"") -> 3.5 | V55: =rank(U55,$U$2:$U$173) -> 21 | W55: =if($D55=W$1,$F55,"") | X55: =rank(W55,$W$2:$W$173) -> #N/A
A56: =A55+1 -> 55 | B56: Mike | C56: Mike | D56: RFA | E56: Scott Perunovich | F56: 0.6 | G56: 5 | U56: =if($D56=U$1,$F56,"") | V56: =rank(U56,$U$2:$U$173) -> #N/A | W56: =if($D56=W$1,$F56,"") -> 0.6 | X56: =rank(W56,$W$2:$W$173) -> 26
A57: =A56+1 -> 56 | B57: Mike | C57: Kyle | D57: UFA | E57: Kris Letang | F57: 1.9 | G57: 1 | U57: =if($D57=U$1,$F57,"") -> 1.9 | V57: =rank(U57,$U$2:$U$173) -> 47 | W57: =if($D57=W$1,$F57,"") | X57: =rank(W57,$W$2:$W$173) -> #N/A
A58: =A57+1 -> 57 | B58: Masliyah | C58: Kyle | D58: UFA | E58: Mark Scheifele | F58: 2.8 | G58: 1 | U58: =if($D58=U$1,$F58,"") -> 2.8 | V58: =rank(U58,$U$2:$U$173) -> 28 | W58: =if($D58=W$1,$F58,"") | X58: =rank(W58,$W$2:$W$173) -> #N/A
A59: =A58+1 -> 58 | B59: Craig | C59: Craig | D59: UFA | E59: Ville Husso | F59: 2.3 | G59: 2 | U59: =if($D59=U$1,$F59,"") -> 2.3 | V59: =rank(U59,$U$2:$U$173) -> 37 | W59: =if($D59=W$1,$F59,"") | X59: =rank(W59,$W$2:$W$173) -> #N/A
A60: =A59+1 -> 59 | B60: Lloyd | C60: Drew | D60: UFA | E60: Roope Hintz | F60: 4.5 | G60: 2 | U60: =if($D60=U$1,$F60,"") -> 4.5 | V60: =rank(U60,$U$2:$U$173) -> 11 | W60: =if($D60=W$1,$F60,"") | X60: =rank(W60,$W$2:$W$173) -> #N/A
A61: =A60+1 -> 60 | B61: Drew | C61: Kyle | D61: UFA | E61: Jonathan Marchessault | F61: 2.6 | G61: 1 | U61: =if($D61=U$1,$F61,"") -> 2.6 | V61: =rank(U61,$U$2:$U$173) -> 31 | W61: =if($D61=W$1,$F61,"") | X61: =rank(W61,$W$2:$W$173) -> #N/A
A62: =A61+1 -> 61 | B62: Tevie | C62: Searle | D62: UFA | E62: Carter Verhaeghe | F62: 3.1 | G62: 1 | U62: =if($D62=U$1,$F62,"") -> 3.1 | V62: =rank(U62,$U$2:$U$173) -> 25 | W62: =if($D62=W$1,$F62,"") | X62: =rank(W62,$W$2:$W$173) -> #N/A
... A165: =A164+1 -> 164 | B165: Shafran | C165: Shafran | D165: UFA | E165: Justin Barron | F165: 0.5 | G165: 2 | U165: =if($D165=U$1,$F165,"") -> 0.5 | V165: =rank(U165,$U$2:$U$173) -> 120 | W165: =if($D165=W$1,$F165,"") | X165: =rank(W165,$W$2:$W$173) -> #N/A

Sheet 2022
A1: Pick | B1: Intro | C1: Winner | D1: Type | E1: Name | F1: Salary | G1: Term | H1: Picks Transferred | U1: UFA | V1: UFA Rank | W1: RFA | X1: RFA Rank
A2: 1 | B2: Drew | C2: Staav | D2: RFA | E2: Cale Makar | F2: 8 | G2: 4 | U2: =if($D2=U$1,$F2,"") | V2: =rank(U2,$U$2:$U$173) -> #N/A | W2: =if($D2=W$1,$F2,"") -> 8 | X2: =rank(W2,$W$2:$W$173) -> 2
A3: =A2+1 -> 2 | B3: Drew | C3: Craig | D3: UFA | E3: Jakob Markstrom | F3: 7.9 | G3: 1 | U3: =if($D3=U$1,$F3,"") -> 7.9 | V3: =rank(U3,$U$2:$U$173) -> 2 | W3: =if($D3=W$1,$F3,"") | X3: =rank(W3,$W$2:$W$173) -> #N/A
A4: =A3+1 -> 3 | B4: Staav | C4: Tevie | D4: RFA | E4: Jonathan Huberdeau | F4: 6 | G4: 4 | U4: =if($D4=U$1,$F4,"") | V4: =rank(U4,$U$2:$U$173) -> #N/A | W4: =if($D4=W$1,$F4,"") -> 6 | X4: =rank(W4,$W$2:$W$173) -> 4
A5: =A4+1 -> 4 | B5: Staav | C5: Kyle | D5: UFA | E5: Roman Josi | F5: 5.4 | G5: 1 | U5: =if($D5=U$1,$F5,"") -> 5.4 | V5: =rank(U5,$U$2:$U$173) -> 14 | W5: =if($D5=W$1,$F5,"") | X5: =rank(W5,$W$2:$W$173) -> #N/A
A6: =A5+1 -> 5 | B6: Tevie | C6: Craig | D6: RFA | E6: Adam Fox | F6: 5 | G6: 6 | U6: =if($D6=U$1,$F6,"") | V6: =rank(U6,$U$2:$U$173) -> #N/A | W6: =if($D6=W$1,$F6,"") -> 5 | X6: =rank(W6,$W$2:$W$173) -> 6
A7: =A6+1 -> 6 | B7: Tevie | C7: Tevie | D7: UFA | E7: Jack Campbell | F7: 6 | G7: 1 | U7: =if($D7=U$1,$F7,"") -> 6 | V7: =rank(U7,$U$2:$U$173) -> 7 | W7: =if($D7=W$1,$F7,"") | X7: =rank(W7,$W$2:$W$173) -> #N/A
A8: =A7+1 -> 7 | B8: Kyle | C8: Zale | D8: RFA | E8: Robert Thomas | F8: 3.3 | G8: 6 | H8: 2023 1st (Zale) | U8: =if($D8=U$1,$F8,"") | V8: =rank(U8,$U$2:$U$173) -> #N/A | W8: =if($D8=W$1,$F8,"") -> 3.3 | X8: =rank(W8,$W$2:$W$173) -> 13
A9: =A8+1 -> 8 | B9: Kyle | C9: Tevie | D9: UFA | E9: Cam Talbot | F9: 2.2 | G9: 1 | U9: =if($D9=U$1,$F9,"") -> 2.2 | V9: =rank(U9,$U$2:$U$173) -> 38 | W9: =if($D9=W$1,$F9,"") | X9: =rank(W9,$W$2:$W$173) -> #N/A
A10: =A9+1 -> 9 | B10: Craig | C10: Mike | D10: RFA | E10: Quinn Hughes | F10: 5.2 | G10: 5 | H10: 2023 2nd (Shafran) | I10: 2024 1st (Lipton) | U10: =if($D10=U$1,$F10,"") | V10: =rank(U10,$U$2:$U$173) -> #N/A | W10: =if($D10=W$1,$F10,"") -> 5.2 | X10: =rank(W10,$W$2:$W$173) -> 5
A11: =A10+1 -> 10 | B11: Craig | C11: Searle | D11: UFA | E11: Victor Hedman | F11: 6.1 | G11: 2 | U11: =if($D11=U$1,$F11,"") -> 6.1 | V11: =rank(U11,$U$2:$U$173) -> 5 | W11: =if($D11=W$1,$F11,"") | X11: =rank(W11,$W$2:$W$173) -> #N/A
A12: =A11+1 -> 11 | B12: Shafran | C12: Mike | D12: RFA | E12: Alex DeBrincat | F12: 3.2 | G12: 3 | U12: =if($D12=U$1,$F12,"") | V12: =rank(U12,$U$2:$U$173) -> #N/A | W12: =if($D12=W$1,$F12,"") -> 3.2 | X12: =rank(W12,$W$2:$W$173) -> 14
A13: =A12+1 -> 12 | B13: Shafran | C13: Masliyah | D13: UFA | E13: Sergei Bobrovsky | F13: 5.4 | G13: 1 | U13: =if($D13=U$1,$F13,"") -> 5.4 | V13: =rank(U13,$U$2:$U$173) -> 14 | W13: =if($D13=W$1,$F13,"") | X13: =rank(W13,$W$2:$W$173) -> #N/A
A14: =A13+1 -> 13 | B14: Mike | C14: Searle | D14: RFA | E14: Kirill Kaprizov | F14: 6.9 | G14: 4 | H14: 2024 2nd (Staav) | I14: 2024 3rd (Staav) | J14: 2025 1st (Searle) | K14: 2026 1st (Searle) | U14: =if($D14=U$1,$F14,"") | V14: =rank(U14,$U$2:$U$173) -> #N/A | W14: =if($D14=W$1,$F14,"") -> 6.9 | X14: =rank(W14,$W$2:$W$173) -> 3
A15: =A14+1 -> 14 | B15: Mike | C15: Shafran | D15: UFA | E15: Artemi Panarin | F15: 8.8 | G15: 1 | U15: =if($D15=U$1,$F15,"") -> 8.8 | V15: =rank(U15,$U$2:$U$173) -> 1 | W15: =if($D15=W$1,$F15,"") | X15: =rank(W15,$W$2:$W$173) -> #N/A
A16: =A15+1 -> 15 | B16: Searle | C16: Searle | D16: RFA | E16: Nikita Kucherov | F16: 9.2 | G16: 1 | U16: =if($D16=U$1,$F16,"") | V16: =rank(U16,$U$2:$U$173) -> #N/A | W16: =if($D16=W$1,$F16,"") -> 9.2 | X16: =rank(W16,$W$2:$W$173) -> 1
A17: =A16+1 -> 16 | B17: Searle | C17: Tevie | D17: UFA | E17: Mark Scheifele | F17: 4.7 | G17: 1 | U17: =if($D17=U$1,$F17,"") -> 4.7 | V17: =rank(U17,$U$2:$U$173) -> 18 | W17: =if($D17=W$1,$F17,"") | X17: =rank(W17,$W$2:$W$173) -> #N/A
A18: =A17+1 -> 17 | B18: Masliyah | C18: Lloyd | D18: UFA | E18: Rasmus Andersson | F18: 1.8 | G18: 1 | U18: =if($D18=U$1,$F18,"") -> 1.8 | V18: =rank(U18,$U$2:$U$173) -> 53 | W18: =if($D18=W$1,$F18,"") | X18: =rank(W18,$W$2:$W$173) -> #N/A
A19: =A18+1 -> 18 | B19: Zale | C19: Lloyd | D19: RFA | E19: Matthew Tkachuk | F19: 5 | G19: 4 | U19: =if($D19=U$1,$F19,"") | V19: =rank(U19,$U$2:$U$173) -> #N/A | W19: =if($D19=W$1,$F19,"") -> 5 | X19: =rank(W19,$W$2:$W$173) -> 6
A20: =A19+1 -> 19 | B20: Zale | C20: Staav | D20: UFA | E20: Alex Ovechkin | F20: 6.1 | G20: 1 | U20: =if($D20=U$1,$F20,"") -> 6.1 | V20: =rank(U20,$U$2:$U$173) -> 5 | W20: =if($D20=W$1,$F20,"") | X20: =rank(W20,$W$2:$W$173) -> #N/A
A21: =A20+1 -> 20 | B21: Lloyd | C21: Masliyah | D21: RFA | E21: Kyle Connor | F21: 4.5 | G21: 3 | U21: =if($D21=U$1,$F21,"") | V21: =rank(U21,$U$2:$U$173) -> #N/A | W21: =if($D21=W$1,$F21,"") -> 4.5 | X21: =rank(W21,$W$2:$W$173) -> 8
A22: =A21+1 -> 21 | B22: Lloyd | C22: Staav | D22: UFA | E22: Mike Zibanejad | F22: 5.5 | G22: 1 | U22: =if($D22=U$1,$F22,"") -> 5.5 | V22: =rank(U22,$U$2:$U$173) -> 13 | W22: =if($D22=W$1,$F22,"") | X22: =rank(W22,$W$2:$W$173) -> #N/A
A23: =A22+1 -> 22 | B23: Drew | C23: Shafran | D23: RFA | E23: Andrei Svechnikov | F23: 3.8 | G23: 8 | U23: =if($D23=U$1,$F23,"") | V23: =rank(U23,$U$2:$U$173) -> #N/A | W23: =if($D23=W$1,$F23,"") -> 3.8 | X23: =rank(W23,$W$2:$W$173) -> 11
A24: =A23+1 -> 23 | B24: Drew | C24: Kyle | D24: UFA | E24: Chris Kreider | F24: 3.1 | G24: 1 | U24: =if($D24=U$1,$F24,"") -> 3.1 | V24: =rank(U24,$U$2:$U$173) -> 29 | W24: =if($D24=W$1,$F24,"") | X24: =rank(W24,$W$2:$W$173) -> #N/A
A25: =A24+1 -> 24 | B25: Staav | C25: Tevie | D25: RFA | E25: Clayton Keller | F25: 2 | G25: 3 | U25: =if($D25=U$1,$F25,"") | V25: =rank(U25,$U$2:$U$173) -> #N/A | W25: =if($D25=W$1,$F25,"") -> 2 | X25: =rank(W25,$W$2:$W$173) -> 21
A26: =A25+1 -> 25 | B26: Staav | C26: Drew | D26: UFA | E26: Patrick Kane | F26: 5.6 | G26: 1 | U26: =if($D26=U$1,$F26,"") -> 5.6 | V26: =rank(U26,$U$2:$U$173) -> 12 | W26: =if($D26=W$1,$F26,"") | X26: =rank(W26,$W$2:$W$173) -> #N/A
A27: =A26+1 -> 26 | B27: Tevie | C27: Lloyd | D27: RFA | E27: Sam Reinhart | F27: 3.6 | G27: 3 | H27: 2024 1st (Lloyd) | U27: =if($D27=U$1,$F27,"") | V27: =rank(U27,$U$2:$U$173) -> #N/A | W27: =if($D27=W$1,$F27,"") -> 3.6 | X27: =rank(W27,$W$2:$W$173) -> 12
A28: =A27+1 -> 27 | B28: Tevie | C28: Mike | D28: UFA | E28: Alexandar Georgiev | F28: 4.7 | G28: 3 | U28: =if($D28=U$1,$F28,"") -> 4.7 | V28: =rank(U28,$U$2:$U$173) -> 18 | W28: =if($D28=W$1,$F28,"") | X28: =rank(W28,$W$2:$W$173) -> #N/A
A29: =A28+1 -> 28 | B29: Kyle | C29: Kyle | D29: RFA | E29: Nicolas Roy | F29: 0.5 | G29: 1 | U29: =if($D29=U$1,$F29,"") | V29: =rank(U29,$U$2:$U$173) -> #N/A | W29: =if($D29=W$1,$F29,"") -> 0.5 | X29: =rank(W29,$W$2:$W$173) -> 31
A30: =A29+1 -> 29 | B30: Kyle | C30: Kyle | D30: UFA | E30: Drew Doughty | F30: 1.9 | G30: 1 | U30: =if($D30=U$1,$F30,"") -> 1.9 | V30: =rank(U30,$U$2:$U$173) -> 48 | W30: =if($D30=W$1,$F30,"") | X30: =rank(W30,$W$2:$W$173) -> #N/A
A31: =A30+1 -> 30 | B31: Craig | C31: Mike | D31: RFA | E31: Timo Meier | F31: 3.2 | G31: 3 | U31: =if($D31=U$1,$F31,"") | V31: =rank(U31,$U$2:$U$173) -> #N/A | W31: =if($D31=W$1,$F31,"") -> 3.2 | X31: =rank(W31,$W$2:$W$173) -> 14
A32: =A31+1 -> 31 | B32: Craig | C32: Craig | D32: UFA | E32: Nazem Kadri | F32: 3.6 | G32: 2 | U32: =if($D32=U$1,$F32,"") -> 3.6 | V32: =rank(U32,$U$2:$U$173) -> 25 | W32: =if($D32=W$1,$F32,"") | X32: =rank(W32,$W$2:$W$173) -> #N/A
A33: =A32+1 -> 32 | B33: Shafran | C33: Drew | D33: RFA | E33: Ilya Samsonov | F33: 2.4 | G33: 1 | H33: 2023 2nd (Drew) | U33: =if($D33=U$1,$F33,"") | V33: =rank(U33,$U$2:$U$173) -> #N/A | W33: =if($D33=W$1,$F33,"") -> 2.4 | X33: =rank(W33,$W$2:$W$173) -> 20
A34: =A33+1 -> 33 | B34: Shafran | C34: Mike | D34: UFA | E34: JT Miller | F34: 5 | G34: 2 | U34: =if($D34=U$1,$F34,"") -> 5 | V34: =rank(U34,$U$2:$U$173) -> 16 | W34: =if($D34=W$1,$F34,"") | X34: =rank(W34,$W$2:$W$173) -> #N/A
A35: =A34+1 -> 34 | B35: Mike | C35: Lloyd | D35: RFA | E35: Brady Tkachuk | F35: 3 | G35: 5 | U35: =if($D35=U$1,$F35,"") | V35: =rank(U35,$U$2:$U$173) -> #N/A | W35: =if($D35=W$1,$F35,"") -> 3 | X35: =rank(W35,$W$2:$W$173) -> 17
A36: =A35+1 -> 35 | B36: Mike | C36: Craig | D36: UFA | E36: Darcy Kuemper | F36: 6.4 | G36: 1 | U36: =if($D36=U$1,$F36,"") -> 6.4 | V36: =rank(U36,$U$2:$U$173) -> 3 | W36: =if($D36=W$1,$F36,"") | X36: =rank(W36,$W$2:$W$173) -> #N/A
A37: =A36+1 -> 36 | B37: Searle | C37: Mike | D37: RFA | E37: Elias Pettersson | F37: 3.1 | G37: 4 | U37: =if($D37=U$1,$F37,"") | V37: =rank(U37,$U$2:$U$173) -> #N/A | W37: =if($D37=W$1,$F37,"") -> 3.1 | X37: =rank(W37,$W$2:$W$173) -> 16
A38: =A37+1 -> 37 | B38: Searle | C38: Tevie | D38: UFA | E38: Tyson Barrie | F38: 2 | G38: 1 | U38: =if($D38=U$1,$F38,"") -> 2 | V38: =rank(U38,$U$2:$U$173) -> 44 | W38: =if($D38=W$1,$F38,"") | X38: =rank(W38,$W$2:$W$173) -> #N/A
A39: =A38+1 -> 38 | B39: Masliyah | C39: Staav | D39: UFA | E39: MacKenzie Weegar | F39: 2.2 | G39: 2 | U39: =if($D39=U$1,$F39,"") -> 2.2 | V39: =rank(U39,$U$2:$U$173) -> 38 | W39: =if($D39=W$1,$F39,"") | X39: =rank(W39,$W$2:$W$173) -> #N/A
A40: =A39+1 -> 39 | B40: Zale | C40: Lloyd | D40: RFA | E40: Teuvo Teravainen | F40: 4.1 | G40: 2 | U40: =if($D40=U$1,$F40,"") | V40: =rank(U40,$U$2:$U$173) -> #N/A | W40: =if($D40=W$1,$F40,"") -> 4.1 | X40: =rank(W40,$W$2:$W$173) -> 10
A41: =A40+1 -> 40 | B41: Zale | C41: Kyle | D41: UFA | E41: Elias Lindholm | F41: 4.1 | G41: 1 | U41: =if($D41=U$1,$F41,"") -> 4.1 | V41: =rank(U41,$U$2:$U$173) -> 23 | W41: =if($D41=W$1,$F41,"") | X41: =rank(W41,$W$2:$W$173) -> #N/A
A42: =A41+1 -> 41 | B42: Lloyd | C42: Lloyd | D42: RFA | E42: Tomas Hertl | F42: 4.5 | G42: 1 | U42: =if($D42=U$1,$F42,"") | V42: =rank(U42,$U$2:$U$173) -> #N/A | W42: =if($D42=W$1,$F42,"") -> 4.5 | X42: =rank(W42,$W$2:$W$173) -> 8
A43: =A42+1 -> 42 | B43: Lloyd | C43: Lloyd | D43: UFA | E43: Jordan Binnington | F43: 5.7 | G43: 1 | U43: =if($D43=U$1,$F43,"") -> 5.7 | V43: =rank(U43,$U$2:$U$173) -> 9 | W43: =if($D43=W$1,$F43,"") | X43: =rank(W43,$W$2:$W$173) -> #N/A
A44: =A43+1 -> 43 | B44: Drew | C44: Searle | D44: RFA | E44: Troy Terry | F44: 1.6 | G44: 3 | H44: 2024 3rd (Michael) | U44: =if($D44=U$1,$F44,"") | V44: =rank(U44,$U$2:$U$173) -> #N/A | W44: =if($D44=W$1,$F44,"") -> 1.6 | X44: =rank(W44,$W$2:$W$173) -> 22
A45: =A44+1 -> 44 | B45: Drew | C45: Drew | D45: UFA | E45: Jake Muzzin | F45: 0.5 | G45: 1 | U45: =if($D45=U$1,$F45,"") -> 0.5 | V45: =rank(U45,$U$2:$U$173) -> 101 | W45: =if($D45=W$1,$F45,"") | X45: =rank(W45,$W$2:$W$173) -> #N/A
A46: =A45+1 -> 45 | B46: Staav | C46: Lloyd | D46: RFA | E46: Oliver Bjorkstrand | F46: 1 | G46: 1 | U46: =if($D46=U$1,$F46,"") | V46: =rank(U46,$U$2:$U$173) -> #N/A | W46: =if($D46=W$1,$F46,"") -> 1 | X46: =rank(W46,$W$2:$W$173) -> 26
A47: =A46+1 -> 46 | B47: Staav | C47: Staav | D47: UFA | E47: Matt Duchene | F47: 3.1 | G47: 1 | U47: =if($D47=U$1,$F47,"") -> 3.1 | V47: =rank(U47,$U$2:$U$173) -> 29 | W47: =if($D47=W$1,$F47,"") | X47: =rank(W47,$W$2:$W$173) -> #N/A
A48: =A47+1 -> 47 | B48: Tevie | C48: Masliyah | D48: RFA | E48: Charlie McAvoy | F48: 2.9 | G48: 3 | H48: 2023 2nd (Tevie) | I48: 2024 2nd (Tevie) | U48: =if($D48=U$1,$F48,"") | V48: =rank(U48,$U$2:$U$173) -> #N/A | W48: =if($D48=W$1,$F48,"") -> 2.9 | X48: =rank(W48,$W$2:$W$173) -> 18
A49: =A48+1 -> 48 | B49: Tevie | C49: Searle | D49: UFA | E49: Marc-Andre Fleury | F49: 6.2 | G49: 1 | U49: =if($D49=U$1,$F49,"") -> 6.2 | V49: =rank(U49,$U$2:$U$173) -> 4 | W49: =if($D49=W$1,$F49,"") | X49: =rank(W49,$W$2:$W$173) -> #N/A
A50: =A49+1 -> 49 | B50: Kyle | C50: Kyle | D50: RFA | E50: Colin White | F50: 0.5 | G50: 1 | U50: =if($D50=U$1,$F50,"") | V50: =rank(U50,$U$2:$U$173) -> #N/A | W50: =if($D50=W$1,$F50,"") -> 0.5 | X50: =rank(W50,$W$2:$W$173) -> 31
A51: =A50+1 -> 50 | B51: Kyle | C51: Tevie | D51: UFA | E51: Yanni Gourde | F51: 0.7 | G51: 1 | U51: =if($D51=U$1,$F51,"") -> 0.7 | V51: =rank(U51,$U$2:$U$173) -> 91 | W51: =if($D51=W$1,$F51,"") | X51: =rank(W51,$W$2:$W$173) -> #N/A
A52: =A51+1 -> 51 | B52: Craig | C52: Drew | D52: RFA | E52: Pierre Luc Dubois | F52: 2.5 | G52: 2 | H52: 2023 3rd (Tevie) | I52: 2024 2nd (Drew) | U52: =if($D52=U$1,$F52,"") | V52: =rank(U52,$U$2:$U$173) -> #N/A | W52: =if($D52=W$1,$F52,"") -> 2.5 | X52: =rank(W52,$W$2:$W$173) -> 19
A53: =A52+1 -> 52 | B53: Craig | C53: Shafran | D53: UFA | E53: Mats Zuccarello | F53: 3.7 | G53: 1 | U53: =if($D53=U$1,$F53,"") -> 3.7 | V53: =rank(U53,$U$2:$U$173) -> 24 | W53: =if($D53=W$1,$F53,"") | X53: =rank(W53,$W$2:$W$173) -> #N/A
A54: =A53+1 -> 53 | B54: Shafran | C54: Lloyd | D54: UFA | E54: Elvis Merzlikins | F54: 4.2 | G54: 1 | U54: =if($D54=U$1,$F54,"") -> 4.2 | V54: =rank(U54,$U$2:$U$173) -> 22 | W54: =if($D54=W$1,$F54,"") | X54: =rank(W54,$W$2:$W$173) -> #N/A
A55: =A54+1 -> 54 | B55: Mike | C55: Tevie | D55: RFA | E55: Ivan Provorov | F55: 0.7 | G55: 1 | U55: =if($D55=U$1,$F55,"") | V55: =rank(U55,$U$2:$U$173) -> #N/A | W55: =if($D55=W$1,$F55,"") -> 0.7 | X55: =rank(W55,$W$2:$W$173) -> 30
A56: =A55+1 -> 55 | B56: Mike | C56: Masliyah | D56: UFA | E56: John Carlson | F56: 5.7 | G56: 1 | U56: =if($D56=U$1,$F56,"") -> 5.7 | V56: =rank(U56,$U$2:$U$173) -> 9 | W56: =if($D56=W$1,$F56,"") | X56: =rank(W56,$W$2:$W$173) -> #N/A
A57: =A56+1 -> 56 | B57: Searle | C57: Kyle | D57: RFA | E57: Brock Boeser | F57: 1.4 | G57: 2 | U57: =if($D57=U$1,$F57,"") | V57: =rank(U57,$U$2:$U$173) -> #N/A | W57: =if($D57=W$1,$F57,"") -> 1.4 | X57: =rank(W57,$W$2:$W$173) -> 23
A58: =A57+1 -> 57 | B58: Searle | C58: Mike | D58: UFA | E58: Sidney Crosby | F58: 5.9 | G58: 1 | U58: =if($D58=U$1,$F58,"") -> 5.9 | V58: =rank(U58,$U$2:$U$173) -> 8 | W58: =if($D58=W$1,$F58,"") | X58: =rank(W58,$W$2:$W$173) -> #N/A
A59: =A58+1 -> 58 | B59: Masliyah | C59: Craig | D59: UFA | E59: Claude Giroux | F59: 2.5 | G59: 1 | U59: =if($D59=U$1,$F59,"") -> 2.5 | V59: =rank(U59,$U$2:$U$173) -> 34 | W59: =if($D59=W$1,$F59,"") | X59: =rank(W59,$W$2:$W$173) -> #N/A
A60: =A59+1 -> 59 | B60: Zale | C60: Staav | D60: UFA | E60: Kris Letang | F60: 4.6 | G60: 1 | U60: =if($D60=U$1,$F60,"") -> 4.6 | V60: =rank(U60,$U$2:$U$173) -> 20 | W60: =if($D60=W$1,$F60,"") | X60: =rank(W60,$W$2:$W$173) -> #N/A
A61: =A60+1 -> 60 | B61: Lloyd | C61: Craig | D61: UFA | E61: Ryan Johansen | F61: 2.2 | G61: 1 | U61: =if($D61=U$1,$F61,"") -> 2.2 | V61: =rank(U61,$U$2:$U$173) -> 38 | W61: =if($D61=W$1,$F61,"") | X61: =rank(W61,$W$2:$W$173) -> #N/A
A62: =A61+1 -> 61 | B62: Drew | C62: Lloyd | D62: RFA | E62: Adrian Kempe | F62: 1.3 | G62: 2 | H62: 2023 3rd (Lloyd) | U62: =if($D62=U$1,$F62,"") | V62: =rank(U62,$U$2:$U$173) -> #N/A | W62: =if($D62=W$1,$F62,"") -> 1.3 | X62: =rank(W62,$W$2:$W$173) -> 24
A63: =A62+1 -> 62 | B63: Drew | C63: Tevie | D63: UFA | E63: Ryan Strome | F63: 0.8 | G63: 1 | U63: =if($D63=U$1,$F63,"") -> 0.8 | V63: =rank(U63,$U$2:$U$173) -> 80 | W63: =if($D63=W$1,$F63,"") | X63: =rank(W63,$W$2:$W$173) -> #N/A
A64: =A63+1 -> 63 | B64: Staav | C64: Craig | D64: UFA | E64: Jake Guentzel | F64: 5.7 | G64: 2 | U64: =if($D64=U$1,$F64,"") -> 5.7 | V64: =rank(U64,$U$2:$U$173) -> 9 | W64: =if($D64=W$1,$F64,"") | X64: =rank(W64,$W$2:$W$173) -> #N/A
A65: =A64+1 -> 64 | B65: Tevie | C65: Craig | D65: RFA | E65: Dylan Strome | F65: 0.9 | G65: 4 | U65: =if($D65=U$1,$F65,"") | V65: =rank(U65,$U$2:$U$173) -> #N/A | W65: =if($D65=W$1,$F65,"") -> 0.9 | X65: =rank(W65,$W$2:$W$173) -> 28
A66: =A65+1 -> 65 | B66: Tevie | C66: Craig | D66: UFA | E66: Evgeny Kuznetsov | F66: 3.6 | G66: 1 | U66: =if($D66=U$1,$F66,"") -> 3.6 | V66: =rank(U66,$U$2:$U$173) -> 25 | W66: =if($D66=W$1,$F66,"") | X66: =rank(W66,$W$2:$W$173) -> #N/A
A67: =A66+1 -> 66 | B67: Kyle | C67: Mike | D67: RFA | E67: Carter Hart | F67: 1 | G67: 3 | U67: =if($D67=U$1,$F67,"") | V67: =rank(U67,$U$2:$U$173) -> #N/A | W67: =if($D67=W$1,$F67,"") -> 1 | X67: =rank(W67,$W$2:$W$173) -> 26
A68: =A67+1 -> 67 | B68: Kyle | C68: Kyle | D68: UFA | E68: Noah Hanifin | F68: 1.9 | G68: 1 | U68: =if($D68=U$1,$F68,"") -> 1.9 | V68: =rank(U68,$U$2:$U$173) -> 48 | W68: =if($D68=W$1,$F68,"") | X68: =rank(W68,$W$2:$W$173) -> #N/A
A69: =A68+1 -> 68 | B69: Craig | C69: Zale | D69: RFA | E69: Anthony Beauvillier | F69: 0.5 | G69: 1 | U69: =if($D69=U$1,$F69,"") | V69: =rank(U69,$U$2:$U$173) -> #N/A | W69: =if($D69=W$1,$F69,"") -> 0.5 | X69: =rank(W69,$W$2:$W$173) -> 31
A70: =A69+1 -> 69 | B70: Craig | C70: Kyle | D70: UFA | E70: Joe Pavelski | F70: 2.3 | G70: 1 | U70: =if($D70=U$1,$F70,"") -> 2.3 | V70: =rank(U70,$U$2:$U$173) -> 36 | W70: =if($D70=W$1,$F70,"") | X70: =rank(W70,$W$2:$W$173) -> #N/A
A71: =A70+1 -> 70 | B71: Shafran | C71: Mike | D71: RFA | E71: Travis Konecny | F71: 1.2 | G71: 1 | U71: =if($D71=U$1,$F71,"") | V71: =rank(U71,$U$2:$U$173) -> #N/A | W71: =if($D71=W$1,$F71,"") -> 1.2 | X71: =rank(W71,$W$2:$W$173) -> 25
A72: =A71+1 -> 71 | B72: Shafran | C72: Kyle | D72: UFA | E72: Devon Toews | F72: 3 | G72: 1 | U72: =if($D72=U$1,$F72,"") -> 3 | V72: =rank(U72,$U$2:$U$173) -> 31 | W72: =if($D72=W$1,$F72,"") | X72: =rank(W72,$W$2:$W$173) -> #N/A
A73: =A72+1 -> 72 | B73: Mike | C73: Zale | D73: RFA | E73: Mike Matheson | F73: 0.9 | G73: 1 | U73: =if($D73=U$1,$F73,"") | V73: =rank(U73,$U$2:$U$173) -> #N/A | W73: =if($D73=W$1,$F73,"") -> 0.9 | X73: =rank(W73,$W$2:$W$173) -> 28
A74: =A73+1 -> 73 | B74: Mike | C74: Shafran | D74: UFA | E74: Brent Burns | F74: 4.3 | G74: 1 | U74: =if($D74=U$1,$F74,"") -> 4.3 | V74: =rank(U74,$U$2:$U$173) -> 21 | W74: =if($D74=W$1,$F74,"") | X74: =rank(W74,$W$2:$W$173) -> #N/A
... A173: =A172+1 -> 172 | B173: Craig | C173: Craig | D173: UFA | E173: Philip Danault | F173: 0.5 | G173: 1 | U173: =if($D173=U$1,$F173,"") -> 0.5 | V173: =rank(U173,$U$2:$U$173) -> 101 | W173: =if($D173=W$1,$F173,"") | X173: =rank(W173,$W$2:$W$173) -> #N/A

Sheet 2021
A1: Pick | B1: Intro | C1: Winner | D1: Type | E1: Name | F1: Salary | G1: Term | H1: Picks Transferred | U1: UFA | V1: UFA Rank | W1: RFA | X1: RFA Rank
A2: 1 | B2: Shafran | C2: Shafran | D2: RFA | E2: Andrei Vasilevskiy | F2: 8.6 | G2: 3 | U2: =if($D2=U$1,$F2,"") | V2: =rank(U2,$U$2:$U$173) -> #N/A | W2: =if($D2=W$1,$F2,"") -> 8.6 | X2: =rank(W2,$W$2:$W$173) -> 1
A3: =A2+1 -> 2 | B3: Shafran | C3: Masliyah | D3: UFA | E3: Connor Hellbuyck | F3: 7.8 | G3: 2 | U3: =if($D3=U$1,$F3,"") -> 7.8 | V3: =rank(U3,$U$2:$U$173) -> 3 | W3: =if($D3=W$1,$F3,"") | X3: =rank(W3,$W$2:$W$173) -> #N/A
A4: =A3+1 -> 3 | B4: Tevie | C4: Kyle | D4: RFA | E4: Tony DeAngelo | F4: 3 | G4: 4 | H4: 2022 3rd (LSD) | U4: =if($D4=U$1,$F4,"") | V4: =rank(U4,$U$2:$U$173) -> #N/A | W4: =if($D4=W$1,$F4,"") -> 3 | X4: =rank(W4,$W$2:$W$173) -> 7
A5: =A4+1 -> 4 | B5: Tevie | C5: Mike | D5: UFA | E5: Alex Ovechkin | F5: 5.6 | G5: 1 | U5: =if($D5=U$1,$F5,"") -> 5.6 | V5: =rank(U5,$U$2:$U$173) -> 11 | W5: =if($D5=W$1,$F5,"") | X5: =rank(W5,$W$2:$W$173) -> #N/A
A6: =A5+1 -> 5 | B6: Kyle | C6: Tevie | D6: RFA | E6: Dylan Larkin | F6: 2.4 | G6: 4 | U6: =if($D6=U$1,$F6,"") | V6: =rank(U6,$U$2:$U$173) -> #N/A | W6: =if($D6=W$1,$F6,"") -> 2.4 | X6: =rank(W6,$W$2:$W$173) -> 10
A7: =A6+1 -> 6 | B7: Kyle | C7: Zale | D7: UFA | E7: Mike Smith | F7: 2.1 | G7: 1 | U7: =if($D7=U$1,$F7,"") -> 2.1 | V7: =rank(U7,$U$2:$U$173) -> 52 | W7: =if($D7=W$1,$F7,"") | X7: =rank(W7,$W$2:$W$173) -> #N/A
A8: =A7+1 -> 7 | B8: Drew | C8: Tevie | D8: UFA | E8: Petr Mrazek | F8: 1.1 | G8: 1 | U8: =if($D8=U$1,$F8,"") -> 1.1 | V8: =rank(U8,$U$2:$U$173) -> 76 | W8: =if($D8=W$1,$F8,"") | X8: =rank(W8,$W$2:$W$173) -> #N/A
A9: =A8+1 -> 8 | B9: Masliyah | C9: Masliyah | D9: RFA | E9: Gabriel Landeskog | F9: 5.2 | G9: 4 | U9: =if($D9=U$1,$F9,"") | V9: =rank(U9,$U$2:$U$173) -> #N/A | W9: =if($D9=W$1,$F9,"") -> 5.2 | X9: =rank(W9,$W$2:$W$173) -> 3
A10: =A9+1 -> 9 | B10: Masliyah | C10: Staav | D10: UFA | E10: Sidney Crosby | F10: 6.7 | G10: 1 | U10: =if($D10=U$1,$F10,"") -> 6.7 | V10: =rank(U10,$U$2:$U$173) -> 6 | W10: =if($D10=W$1,$F10,"") | X10: =rank(W10,$W$2:$W$173) -> #N/A
A11: =A10+1 -> 10 | B11: Craig | C11: Masliyah | D11: RFA | E11: Mitch Marner | F11: 6.4 | G11: 3 | U11: =if($D11=U$1,$F11,"") | V11: =rank(U11,$U$2:$U$173) -> #N/A | W11: =if($D11=W$1,$F11,"") -> 6.4 | X11: =rank(W11,$W$2:$W$173) -> 2
A12: =A11+1 -> 11 | B12: Craig | C12: Tevie | D12: UFA | E12: Jack Campbell | F12: 4 | G12: 1 | U12: =if($D12=U$1,$F12,"") -> 4 | V12: =rank(U12,$U$2:$U$173) -> 22 | W12: =if($D12=W$1,$F12,"") | X12: =rank(W12,$W$2:$W$173) -> #N/A
A13: =A12+1 -> 12 | B13: Staav | C13: Zale | D13: RFA | E13: Juuse Saros | F13: 2.4 | G13: 4 | U13: =if($D13=U$1,$F13,"") | V13: =rank(U13,$U$2:$U$173) -> #N/A | W13: =if($D13=W$1,$F13,"") -> 2.4 | X13: =rank(W13,$W$2:$W$173) -> 10
A14: =A13+1 -> 13 | B14: Staav | C14: Craig | D14: UFA | E14: David Perron | F14: 4.3 | G14: 1 | U14: =if($D14=U$1,$F14,"") -> 4.3 | V14: =rank(U14,$U$2:$U$173) -> 18 | W14: =if($D14=W$1,$F14,"") | X14: =rank(W14,$W$2:$W$173) -> #N/A
A15: =A14+1 -> 14 | B15: Zale | C15: Drew | D15: RFA | E15: Igor Shesterkin | F15: 4 | G15: 3 | U15: =if($D15=U$1,$F15,"") | V15: =rank(U15,$U$2:$U$173) -> #N/A | W15: =if($D15=W$1,$F15,"") -> 4 | X15: =rank(W15,$W$2:$W$173) -> 4
A16: =A15+1 -> 15 | B16: Zale | C16: Shafran | D16: UFA | E16: Frederik Andersen | F16: 3 | G16: 3 | U16: =if($D16=U$1,$F16,"") -> 3 | V16: =rank(U16,$U$2:$U$173) -> 33 | W16: =if($D16=W$1,$F16,"") | X16: =rank(W16,$W$2:$W$173) -> #N/A
A17: =A16+1 -> 16 | B17: Searle | C17: Lloyd | D17: RFA | E17: Darnell Nurse | F17: 3.2 | G17: 2 | H17: 2022 2nd (MAC) | U17: =if($D17=U$1,$F17,"") | V17: =rank(U17,$U$2:$U$173) -> #N/A | W17: =if($D17=W$1,$F17,"") -> 3.2 | X17: =rank(W17,$W$2:$W$173) -> 5
A18: =A17+1 -> 17 | B18: Searle | C18: Craig | D18: UFA | E18: Zach Hyman | F18: 4.7 | G18: 1 | U18: =if($D18=U$1,$F18,"") -> 4.7 | V18: =rank(U18,$U$2:$U$173) -> 15 | W18: =if($D18=W$1,$F18,"") | X18: =rank(W18,$W$2:$W$173) -> #N/A
A19: =A18+1 -> 18 | B19: Lloyd | C19: Zale | D19: RFA | E19: Thomas Chabot | F19: 3.2 | G19: 6 | U19: =if($D19=U$1,$F19,"") | V19: =rank(U19,$U$2:$U$173) -> #N/A | W19: =if($D19=W$1,$F19,"") -> 3.2 | X19: =rank(W19,$W$2:$W$173) -> 5
A20: =A19+1 -> 19 | B20: Lloyd | C20: Searle | D20: UFA | E20: Tyson Barrie | F20: 5.1 | G20: 1 | U20: =if($D20=U$1,$F20,"") -> 5.1 | V20: =rank(U20,$U$2:$U$173) -> 14 | W20: =if($D20=W$1,$F20,"") | X20: =rank(W20,$W$2:$W$173) -> #N/A
A21: =A20+1 -> 20 | B21: Mike | C21: Staav | D21: RFA | E21: Miro Heiskanen | F21: 2.8 | G21: 3 | H21: 2022 3rd (LGN) | U21: =if($D21=U$1,$F21,"") | V21: =rank(U21,$U$2:$U$173) -> #N/A | W21: =if($D21=W$1,$F21,"") -> 2.8 | X21: =rank(W21,$W$2:$W$173) -> 9
A22: =A21+1 -> 21 | B22: Mike | C22: Kyle | D22: UFA | E22: Artemi Panarin | F22: 8.8 | G22: 1 | U22: =if($D22=U$1,$F22,"") -> 8.8 | V22: =rank(U22,$U$2:$U$173) -> 1 | W22: =if($D22=W$1,$F22,"") | X22: =rank(W22,$W$2:$W$173) -> #N/A
A23: =A22+1 -> 22 | B23: Shafran | C23: Staav | D23: RFA | E23: Thatcher Demko | F23: 2.4 | G23: 2 | U23: =if($D23=U$1,$F23,"") | V23: =rank(U23,$U$2:$U$173) -> #N/A | W23: =if($D23=W$1,$F23,"") -> 2.4 | X23: =rank(W23,$W$2:$W$173) -> 10
A24: =A23+1 -> 23 | B24: Shafran | C24: Mike | D24: UFA | E24: Patrik Kane | F24: 8.4 | G24: 1 | U24: =if($D24=U$1,$F24,"") -> 8.4 | V24: =rank(U24,$U$2:$U$173) -> 2 | W24: =if($D24=W$1,$F24,"") | X24: =rank(W24,$W$2:$W$173) -> #N/A
A25: =A24+1 -> 24 | B25: Tevie | C25: Tevie | D25: RFA | E25: Alex Tuch | F25: 0.8 | G25: 3 | U25: =if($D25=U$1,$F25,"") | V25: =rank(U25,$U$2:$U$173) -> #N/A | W25: =if($D25=W$1,$F25,"") -> 0.8 | X25: =rank(W25,$W$2:$W$173) -> 22
A26: =A25+1 -> 25 | B26: Tevie | C26: Tevie | D26: UFA | E26: Marc-Andre Fleury | F26: 2.9 | G26: 1 | U26: =if($D26=U$1,$F26,"") -> 2.9 | V26: =rank(U26,$U$2:$U$173) -> 37 | W26: =if($D26=W$1,$F26,"") | X26: =rank(W26,$W$2:$W$173) -> #N/A
A27: =A26+1 -> 26 | B27: Kyle | C27: Mike | D27: RFA | E27: Zach Werenski | F27: 1.9 | G27: 3 | H27: 2022 2nd (JHN) | U27: =if($D27=U$1,$F27,"") | V27: =rank(U27,$U$2:$U$173) -> #N/A | W27: =if($D27=W$1,$F27,"") -> 1.9 | X27: =rank(W27,$W$2:$W$173) -> 14
A28: =A27+1 -> 27 | B28: Kyle | C28: Drew | D28: UFA | E28: Dougie Hamilton | F28: 4.2 | G28: 1 | U28: =if($D28=U$1,$F28,"") -> 4.2 | V28: =rank(U28,$U$2:$U$173) -> 19 | W28: =if($D28=W$1,$F28,"") | X28: =rank(W28,$W$2:$W$173) -> #N/A
A29: =A28+1 -> 28 | B29: Drew | C29: Zale | D29: RFA | E29: Sam Bennett | F29: 2 | G29: 3 | H29: 2023 2nd (ZSK) | U29: =if($D29=U$1,$F29,"") | V29: =rank(U29,$U$2:$U$173) -> #N/A | W29: =if($D29=W$1,$F29,"") -> 2 | X29: =rank(W29,$W$2:$W$173) -> 13
A30: =A29+1 -> 29 | B30: Drew | C30: Staav | D30: UFA | E30: Robin Lehner | F30: 6 | G30: 1 | U30: =if($D30=U$1,$F30,"") -> 6 | V30: =rank(U30,$U$2:$U$173) -> 9 | W30: =if($D30=W$1,$F30,"") | X30: =rank(W30,$W$2:$W$173) -> #N/A
A31: =A30+1 -> 30 | B31: Masliyah | C31: Craig | D31: UFA | E31: Johnny Gaudreau | F31: 4 | G31: 2 | U31: =if($D31=U$1,$F31,"") -> 4 | V31: =rank(U31,$U$2:$U$173) -> 22 | W31: =if($D31=W$1,$F31,"") | X31: =rank(W31,$W$2:$W$173) -> #N/A
A32: =A31+1 -> 31 | B32: Craig | C32: Zale | D32: RFA | E32: Connor Garland | F32: 1.7 | G32: 2 | U32: =if($D32=U$1,$F32,"") | V32: =rank(U32,$U$2:$U$173) -> #N/A | W32: =if($D32=W$1,$F32,"") -> 1.7 | X32: =rank(W32,$W$2:$W$173) -> 15
A33: =A32+1 -> 32 | B33: Craig | C33: Searle | D33: UFA | E33: Mark Stone | F33: 6.1 | G33: 1 | U33: =if($D33=U$1,$F33,"") -> 6.1 | V33: =rank(U33,$U$2:$U$173) -> 8 | W33: =if($D33=W$1,$F33,"") | X33: =rank(W33,$W$2:$W$173) -> #N/A
A34: =A33+1 -> 33 | B34: Staav | C34: Searle | D34: UFA | E34: Darcy Kuemper | F34: 5.6 | G34: 1 | U34: =if($D34=U$1,$F34,"") -> 5.6 | V34: =rank(U34,$U$2:$U$173) -> 11 | W34: =if($D34=W$1,$F34,"") | X34: =rank(W34,$W$2:$W$173) -> #N/A
A35: =A34+1 -> 34 | B35: Zale | C35: Shafran | D35: UFA | E35: Ryan O'reilly | F35: 4.6 | G35: 1 | U35: =if($D35=U$1,$F35,"") -> 4.6 | V35: =rank(U35,$U$2:$U$173) -> 16 | W35: =if($D35=W$1,$F35,"") | X35: =rank(W35,$W$2:$W$173) -> #N/A
A36: =A35+1 -> 35 | B36: Searle | C36: Kyle | D36: RFA | E36: Kasperin Kananen | F36: 0.9 | G36: 3 | U36: =if($D36=U$1,$F36,"") | V36: =rank(U36,$U$2:$U$173) -> #N/A | W36: =if($D36=W$1,$F36,"") -> 0.9 | X36: =rank(W36,$W$2:$W$173) -> 19
A37: =A36+1 -> 36 | B37: Searle | C37: Craig | D37: UFA | E37: Vincent Trocheck | F37: 3.2 | G37: 1 | U37: =if($D37=U$1,$F37,"") -> 3.2 | V37: =rank(U37,$U$2:$U$173) -> 31 | W37: =if($D37=W$1,$F37,"") | X37: =rank(W37,$W$2:$W$173) -> #N/A
A38: =A37+1 -> 37 | B38: Lloyd | C38: Lloyd | D38: UFA | E38: Jeff Petry | F38: 3.3 | G38: 1 | U38: =if($D38=U$1,$F38,"") -> 3.3 | V38: =rank(U38,$U$2:$U$173) -> 29 | W38: =if($D38=W$1,$F38,"") | X38: =rank(W38,$W$2:$W$173) -> #N/A
A39: =A38+1 -> 38 | B39: Mike | C39: Kyle | D39: RFA | E39: Jakub Vrana | F39: 1.5 | G39: 3 | U39: =if($D39=U$1,$F39,"") | V39: =rank(U39,$U$2:$U$173) -> #N/A | W39: =if($D39=W$1,$F39,"") -> 1.5 | X39: =rank(W39,$W$2:$W$173) -> 16
A40: =A39+1 -> 39 | B40: Mike | C40: Tevie | D40: UFA | E40: John Tavares | F40: 6.9 | G40: 1 | U40: =if($D40=U$1,$F40,"") -> 6.9 | V40: =rank(U40,$U$2:$U$173) -> 5 | W40: =if($D40=W$1,$F40,"") | X40: =rank(W40,$W$2:$W$173) -> #N/A
A41: =A40+1 -> 40 | B41: Shafran | C41: Masliyah | D41: UFA | E41: Torey Krug | F41: 3.3 | G41: 1 | U41: =if($D41=U$1,$F41,"") -> 3.3 | V41: =rank(U41,$U$2:$U$173) -> 29 | W41: =if($D41=W$1,$F41,"") | X41: =rank(W41,$W$2:$W$173) -> #N/A
... A47: =A46+1 -> 46 | B47: Masliyah | C47: Masliyah | D47: UFA | E47: Ondrej Palat | F47: 1.6 | G47: 1 | U47: =if($D47=U$1,$F47,"") -> 1.6 | V47: =rank(U47,$U$2:$U$173) -> 60 | W47: =if($D47=W$1,$F47,"") | X47: =rank(W47,$W$2:$W$173) -> #N/A
A48: =A47+1 -> 47 | B48: Craig | C48: Searle | D48: RFA | E48: Nick Schmaltz | F48: 1 | G48: 3 | H48: 2022 3rd (VPP) | U48: =if($D48=U$1,$F48,"") | V48: =rank(U48,$U$2:$U$173) -> #N/A | W48: =if($D48=W$1,$F48,"") -> 1 | X48: =rank(W48,$W$2:$W$173) -> 17
A49: =A48+1 -> 48 | B49: Craig | C49: Kyle | D49: UFA | E49: John Carlson | F49: 5.4 | G49: 1 | U49: =if($D49=U$1,$F49,"") -> 5.4 | V49: =rank(U49,$U$2:$U$173) -> 13 | W49: =if($D49=W$1,$F49,"") | X49: =rank(W49,$W$2:$W$173) -> #N/A
A50: =A49+1 -> 49 | B50: Staav | C50: Drew | D50: RFA | E50: Rasmus Dahlin | F50: 3 | G50: 2 | H50: 2022 2nd (GVR) | U50: =if($D50=U$1,$F50,"") | V50: =rank(U50,$U$2:$U$173) -> #N/A | W50: =if($D50=W$1,$F50,"") -> 3 | X50: =rank(W50,$W$2:$W$173) -> 7
A51: =A50+1 -> 50 | B51: Staav | C51: Drew | D51: UFA | E51: Brad Marchand | F51: 7.7 | G51: 1 | U51: =if($D51=U$1,$F51,"") -> 7.7 | V51: =rank(U51,$U$2:$U$173) -> 4 | W51: =if($D51=W$1,$F51,"") | X51: =rank(W51,$W$2:$W$173) -> #N/A
A52: =A51+1 -> 51 | B52: Zale | C52: Kyle | D52: RFA | E52: Christian Dvorak | F52: 0.9 | G52: 2 | U52: =if($D52=U$1,$F52,"") | V52: =rank(U52,$U$2:$U$173) -> #N/A | W52: =if($D52=W$1,$F52,"") -> 0.9 | X52: =rank(W52,$W$2:$W$173) -> 19
A53: =A52+1 -> 52 | B53: Zale | C53: Zale | D53: UFA | E53: Bryan Rust | F53: 2.2 | G53: 1 | U53: =if($D53=U$1,$F53,"") -> 2.2 | V53: =rank(U53,$U$2:$U$173) -> 46 | W53: =if($D53=W$1,$F53,"") | X53: =rank(W53,$W$2:$W$173) -> #N/A
A54: =A53+1 -> 53 | B54: Searle | C54: Staav | D54: RFA | E54: Adrian Kempe | F54: 0.5 | G54: 1 | U54: =if($D54=U$1,$F54,"") | V54: =rank(U54,$U$2:$U$173) -> #N/A | W54: =if($D54=W$1,$F54,"") -> 0.5 | X54: =rank(W54,$W$2:$W$173) -> 24
A55: =A54+1 -> 54 | B55: Searle | C55: Craig | D55: UFA | E55: Claude Giroux | F55: 3 | G55: 1 | U55: =if($D55=U$1,$F55,"") -> 3 | V55: =rank(U55,$U$2:$U$173) -> 33 | W55: =if($D55=W$1,$F55,"") | X55: =rank(W55,$W$2:$W$173) -> #N/A
A56: =A55+1 -> 55 | B56: Lloyd | C56: Shafran | D56: UFA | E56: Jake Guentzel | F56: 6.5 | G56: 1 | U56: =if($D56=U$1,$F56,"") -> 6.5 | V56: =rank(U56,$U$2:$U$173) -> 7 | W56: =if($D56=W$1,$F56,"") | X56: =rank(W56,$W$2:$W$173) -> #N/A
A57: =A56+1 -> 56 | B57: Mike | C57: Shafran | D57: UFA | E57: Steven Stamkos | F57: 5.8 | G57: 2 | U57: =if($D57=U$1,$F57,"") -> 5.8 | V57: =rank(U57,$U$2:$U$173) -> 10 | W57: =if($D57=W$1,$F57,"") | X57: =rank(W57,$W$2:$W$173) -> #N/A
A58: =A57+1 -> 57 | B58: Shafran | C58: Tevie | D58: UFA | E58: Roman Josi | F58: 4 | G58: 1 | U58: =if($D58=U$1,$F58,"") -> 4 | V58: =rank(U58,$U$2:$U$173) -> 22 | W58: =if($D58=W$1,$F58,"") | X58: =rank(W58,$W$2:$W$173) -> #N/A
A59: =A58+1 -> 58 | B59: Tevie | C59: Kyle | D59: RFA | E59: Eeli Tolvanen | F59: 0.9 | G59: 3 | U59: =if($D59=U$1,$F59,"") | V59: =rank(U59,$U$2:$U$173) -> #N/A | W59: =if($D59=W$1,$F59,"") -> 0.9 | X59: =rank(W59,$W$2:$W$173) -> 19
A60: =A59+1 -> 59 | B60: Tevie | C60: Masliyah | D60: UFA | E60: Patric Hornqvist | F60: 1 | G60: 1 | U60: =if($D60=U$1,$F60,"") -> 1 | V60: =rank(U60,$U$2:$U$173) -> 79 | W60: =if($D60=W$1,$F60,"") | X60: =rank(W60,$W$2:$W$173) -> #N/A
A61: =A60+1 -> 60 | B61: Kyle | C61: Lloyd | D61: UFA | E61: Taylor Hall | F61: 3.9 | G61: 2 | U61: =if($D61=U$1,$F61,"") -> 3.9 | V61: =rank(U61,$U$2:$U$173) -> 25 | W61: =if($D61=W$1,$F61,"") | X61: =rank(W61,$W$2:$W$173) -> #N/A
A62: =A61+1 -> 61 | B62: Drew | C62: Tevie | D62: UFA | E62: Reilly Smith | F62: 0.8 | G62: 1 | U62: =if($D62=U$1,$F62,"") -> 0.8 | V62: =rank(U62,$U$2:$U$173) -> 91 | W62: =if($D62=W$1,$F62,"") | X62: =rank(W62,$W$2:$W$173) -> #N/A
... A152: =A151+1 -> 151 | B152: Drew | C152: Drew | D152: UFA | E152: Jacob Trouba | F152: 0.5 | G152: 1 | U152: =if($D152=U$1,$F152,"") -> 0.5 | V152: =rank(U152,$U$2:$U$173) -> 110 | W152: =if($D152=W$1,$F152,"") | X152: =rank(W152,$W$2:$W$173) -> #N/A

Sheet 2020
A1: Pick | B1: Intro | C1: Winner | D1: Type | E1: Name | F1: Salary | G1: Term | H1: Picks Transferred | U1: UFA | V1: UFA Rank | W1: RFA | X1: RFA Rank
A2: 1 | B2: Tevie | C2: Masliyah | D2: RFA | E2: Auston Matthews | F2: 6.5 | G2: 5 | U2: =if($D2=U$1,$F2,"") | V2: =rank(U2,$U$2:$U$173) -> #N/A | W2: =if($D2=W$1,$F2,"") -> 6.5 | X2: =rank(W2,$W$2:$W$173) -> 3
A3: =A2+1 -> 2 | B3: Tevie | C3: Kyle | D3: UFA | E3: Max Pacioretty | F3: 3.1 | G3: 1 | U3: =if($D3=U$1,$F3,"") -> 3.1 | V3: =rank(U3,$U$2:$U$173) -> 32 | W3: =if($D3=W$1,$F3,"") | X3: =rank(W3,$W$2:$W$173) -> #N/A
A4: =A3+1 -> 3 | B4: Shafran | C4: Searle | D4: RFA | E4: Brayden Point | F4: 6.8 | G4: 3 | U4: =if($D4=U$1,$F4,"") | V4: =rank(U4,$U$2:$U$173) -> #N/A | W4: =if($D4=W$1,$F4,"") -> 6.8 | X4: =rank(W4,$W$2:$W$173) -> 1
A5: =A4+1 -> 4 | B5: Shafran | C5: Tevie | D5: UFA | E5: Frederik Andersen | F5: 6.6 | G5: 1 | U5: =if($D5=U$1,$F5,"") -> 6.6 | V5: =rank(U5,$U$2:$U$173) -> 6 | W5: =if($D5=W$1,$F5,"") | X5: =rank(W5,$W$2:$W$173) -> #N/A
A6: =A5+1 -> 5 | B6: Staav | C6: Mike | D6: RFA | E6: Jack Eichel | F6: 6.6 | G6: 6 | U6: =if($D6=U$1,$F6,"") | V6: =rank(U6,$U$2:$U$173) -> #N/A | W6: =if($D6=W$1,$F6,"") -> 6.6 | X6: =rank(W6,$W$2:$W$173) -> 2
A7: =A6+1 -> 6 | B7: Staav | C7: Kyle | D7: UFA | E7: John Carlson | F7: 5.2 | G7: 1 | U7: =if($D7=U$1,$F7,"") -> 5.2 | V7: =rank(U7,$U$2:$U$173) -> 13 | W7: =if($D7=W$1,$F7,"") | X7: =rank(W7,$W$2:$W$173) -> #N/A
A8: =A7+1 -> 7 | B8: Zale | C8: Staav | D8: RFA | E8: Sebastian Aho | F8: 5.6 | G8: 3 | U8: =if($D8=U$1,$F8,"") | V8: =rank(U8,$U$2:$U$173) -> #N/A | W8: =if($D8=W$1,$F8,"") -> 5.6 | X8: =rank(W8,$W$2:$W$173) -> 6
A9: =A8+1 -> 8 | B9: Zale | C9: Staav | D9: UFA | E9: Artemi Panarin | F9: 9 | G9: 1 | U9: =if($D9=U$1,$F9,"") -> 9 | V9: =rank(U9,$U$2:$U$173) -> 1 | W9: =if($D9=W$1,$F9,"") | X9: =rank(W9,$W$2:$W$173) -> #N/A
A10: =A9+1 -> 9 | B10: Mike | C10: Tevie | D10: RFA | E10: Aleksander Barkov | F10: 5.4 | G10: 4 | U10: =if($D10=U$1,$F10,"") | V10: =rank(U10,$U$2:$U$173) -> #N/A | W10: =if($D10=W$1,$F10,"") -> 5.4 | X10: =rank(W10,$W$2:$W$173) -> 7
A11: =A10+1 -> 10 | B11: Mike | C11: Shafran | D11: UFA | E11: Steven Stamkos | F11: 8.6 | G11: 1 | U11: =if($D11=U$1,$F11,"") -> 8.6 | V11: =rank(U11,$U$2:$U$173) -> 2 | W11: =if($D11=W$1,$F11,"") | X11: =rank(W11,$W$2:$W$173) -> #N/A
A12: =A11+1 -> 11 | B12: Searle | C12: Lloyd | D12: RFA | E12: Matthew Tkachuk | F12: 4.8 | G12: 2 | U12: =if($D12=U$1,$F12,"") | V12: =rank(U12,$U$2:$U$173) -> #N/A | W12: =if($D12=W$1,$F12,"") -> 4.8 | X12: =rank(W12,$W$2:$W$173) -> 9
A13: =A12+1 -> 12 | B13: Searle | C13: Drew | D13: UFA | E13: Tyson Barrie | F13: 4 | G13: 1 | U13: =if($D13=U$1,$F13,"") -> 4 | V13: =rank(U13,$U$2:$U$173) -> 23 | W13: =if($D13=W$1,$F13,"") | X13: =rank(W13,$W$2:$W$173) -> #N/A
A14: =A13+1 -> 13 | B14: Masliyah | C14: Craig | D14: RFA | E14: Sean Couturier | F14: 3.3 | G14: 3 | U14: =if($D14=U$1,$F14,"") | V14: =rank(U14,$U$2:$U$173) -> #N/A | W14: =if($D14=W$1,$F14,"") -> 3.3 | X14: =rank(W14,$W$2:$W$173) -> 13
... A156: =A155+1 -> 155 | B156: Mike | C156: Mike | D156: UFA | E156: Collin Delia | F156: 0.5 | G156: 2 | U156: =if($D156=U$1,$F156,"") -> 0.5 | V156: =rank(U156,$U$2:$U$173) -> 101 | W156: =if($D156=W$1,$F156,"") | X156: =rank(W156,$W$2:$W$173) -> #N/A
U157: =if($D157=U$1,$F157,"") | W157: =if($D157=W$1,$F157,"")
U158: =if($D158=U$1,$F158,"") | W158: =if($D158=W$1,$F158,"")
U159: =if($D159=U$1,$F159,"") | W159: =if($D159=W$1,$F159,"")
U160: =if($D160=U$1,$F160,"") | W160: =if($D160=W$1,$F160,"")
U161: =if($D161=U$1,$F161,"") | W161: =if($D161=W$1,$F161,"")
U162: =if($D162=U$1,$F162,"") | W162: =if($D162=W$1,$F162,"")
U163: =if($D163=U$1,$F163,"") | W163: =if($D163=W$1,$F163,"")
U164: =if($D164=U$1,$F164,"") | W164: =if($D164=W$1,$F164,"")
U165: =if($D165=U$1,$F165,"") | W165: =if($D165=W$1,$F165,"")
U166: =if($D166=U$1,$F166,"") | W166: =if($D166=W$1,$F166,"")
U167: =if($D167=U$1,$F167,"") | W167: =if($D167=W$1,$F167,"")
U168: =if($D168=U$1,$F168,"") | W168: =if($D168=W$1,$F168,"")
... U173: =if($D173=U$1,$F173,"") | W173: =if($D173=W$1,$F173,"")

Sheet 2019
A1: Pick | B1: Intro | C1: Winner | D1: Type | E1: Name | F1: Salary | G1: Term | H1: Picks Transferred | U1: UFA | V1: UFA Rank | W1: RFA | X1: RFA Rank
A2: 1 | B2: Tevie | C2: Shafran | D2: RFA | E2: Andrei Vasilevski | F2: 8.6 | G2: 2 | U2: =if($D2=U$1,$F2,"") | V2: =rank(U2,$U$2:$U$173) -> #N/A | W2: =if($D2=W$1,$F2,"") -> 8.6 | X2: =rank(W2,$W$2:$W$173) -> 1
A3: =A2+1 -> 2 | B3: Tevie | C3: Tevie | D3: UFA | E3: Nicklas Backstrom | F3: 4.6 | G3: 1 | U3: =if($D3=U$1,$F3,"") -> 4.6 | V3: =rank(U3,$U$2:$U$173) -> 17 | W3: =if($D3=W$1,$F3,"") | X3: =rank(W3,$W$2:$W$173) -> #N/A
A4: =A3+1 -> 3 | B4: Zale | C4: Tevie | D4: RFA | E4: Nathan MacKinnon | F4: 8.1 | G4: 4 | U4: =if($D4=U$1,$F4,"") | V4: =rank(U4,$U$2:$U$173) -> #N/A | W4: =if($D4=W$1,$F4,"") -> 8.1 | X4: =rank(W4,$W$2:$W$173) -> 2
A5: =A4+1 -> 4 | B5: Zale | C5: Staav | D5: UFA | E5: Steven Stamkos | F5: 9 | G5: 1 | U5: =if($D5=U$1,$F5,"") -> 9 | V5: =rank(U5,$U$2:$U$173) -> 1 | W5: =if($D5=W$1,$F5,"") | X5: =rank(W5,$W$2:$W$173) -> #N/A
A6: =A5+1 -> 5 | B6: Searle | C6: Zale | D6: RFA | E6: David Pastrnak | F6: 6.2 | G6: 4 | U6: =if($D6=U$1,$F6,"") | V6: =rank(U6,$U$2:$U$173) -> #N/A | W6: =if($D6=W$1,$F6,"") -> 6.2 | X6: =rank(W6,$W$2:$W$173) -> 4
A7: =A6+1 -> 6 | B7: Searle | C7: Kyle | D7: UFA | E7: Anze Kopitar | F7: 2.9 | G7: 1 | U7: =if($D7=U$1,$F7,"") -> 2.9 | V7: =rank(U7,$U$2:$U$173) -> 31 | W7: =if($D7=W$1,$F7,"") | X7: =rank(W7,$W$2:$W$173) -> #N/A
A8: =A7+1 -> 7 | B8: Shafran | C8: Tevie | D8: RFA | E8: Matt Murray | F8: 4.1 | G8: 3 | U8: =if($D8=U$1,$F8,"") | V8: =rank(U8,$U$2:$U$173) -> #N/A | W8: =if($D8=W$1,$F8,"") -> 4.1 | X8: =rank(W8,$W$2:$W$173) -> 8
A9: =A8+1 -> 8 | B9: Shafran | C9: Drew | D9: UFA | E9: Sergei Bobrovsky | F9: 7.5 | G9: 1 | U9: =if($D9=U$1,$F9,"") -> 7.5 | V9: =rank(U9,$U$2:$U$173) -> 6 | W9: =if($D9=W$1,$F9,"") | X9: =rank(W9,$W$2:$W$173) -> #N/A
A10: =A9+1 -> 9 | B10: Staav | C10: Mike | D10: RFA | E10: Sean Monahan | F10: 5 | G10: 3 | U10: =if($D10=U$1,$F10,"") | V10: =rank(U10,$U$2:$U$173) -> #N/A | W10: =if($D10=W$1,$F10,"") -> 5 | X10: =rank(W10,$W$2:$W$173) -> 6
A11: =A10+1 -> 10 | B11: Staav | C11: Kyle | D11: UFA | E11: Phil Kessel | F11: 4.3 | G11: 1 | U11: =if($D11=U$1,$F11,"") -> 4.3 | V11: =rank(U11,$U$2:$U$173) -> 19 | W11: =if($D11=W$1,$F11,"") | X11: =rank(W11,$W$2:$W$173) -> #N/A
A12: =A11+1 -> 11 | B12: Masliyah | C12: Lloyd | D12: RFA | E12: Tomas Hertl | F12: 4.5 | G12: 3 | U12: =if($D12=U$1,$F12,"") | V12: =rank(U12,$U$2:$U$173) -> #N/A | W12: =if($D12=W$1,$F12,"") -> 4.5 | X12: =rank(W12,$W$2:$W$173) -> 7
A13: =A12+1 -> 12 | B13: Masliyah | C13: Craig | D13: UFA | E13: Kris Letang | F13: 3.6 | G13: 1 | U13: =if($D13=U$1,$F13,"") -> 3.6 | V13: =rank(U13,$U$2:$U$173) -> 23 | W13: =if($D13=W$1,$F13,"") | X13: =rank(W13,$W$2:$W$173) -> #N/A
A14: =A13+1 -> 13 | B14: Mike | C14: Lloyd | D14: RFA | E14: Teuvo Teravainen | F14: 4.1 | G14: 3 | U14: =if($D14=U$1,$F14,"") | V14: =rank(U14,$U$2:$U$173) -> #N/A | W14: =if($D14=W$1,$F14,"") -> 4.1 | X14: =rank(W14,$W$2:$W$173) -> 8
... A135: =A134+1 -> 134 | B135: Tevie | C135: Tevie | D135: UFA | E135: Craig Anderson | F135: 0.5 | G135: 1 | U135: =if($D135=U$1,$F135,"") -> 0.5 | V135: =rank(U135,$U$2:$U$173) -> 99 | W135: =if($D135=W$1,$F135,"") | X135: =rank(W135,$W$2:$W$173) -> #N/A
U136: =if($D136=U$1,$F136,"") | W136: =if($D136=W$1,$F136,"")
U137: =if($D137=U$1,$F137,"") | W137: =if($D137=W$1,$F137,"")
U138: =if($D138=U$1,$F138,"") | W138: =if($D138=W$1,$F138,"")
U139: =if($D139=U$1,$F139,"") | W139: =if($D139=W$1,$F139,"")
U140: =if($D140=U$1,$F140,"") | W140: =if($D140=W$1,$F140,"")
U141: =if($D141=U$1,$F141,"") | W141: =if($D141=W$1,$F141,"")
U142: =if($D142=U$1,$F142,"") | W142: =if($D142=W$1,$F142,"")
U143: =if($D143=U$1,$F143,"") | W143: =if($D143=W$1,$F143,"")
U144: =if($D144=U$1,$F144,"") | W144: =if($D144=W$1,$F144,"")
U145: =if($D145=U$1,$F145,"") | W145: =if($D145=W$1,$F145,"")
U146: =if($D146=U$1,$F146,"") | W146: =if($D146=W$1,$F146,"")
U147: =if($D147=U$1,$F147,"") | W147: =if($D147=W$1,$F147,"")
... U173: =if($D173=U$1,$F173,"") | W173: =if($D173=W$1,$F173,"")

Sheet 2018
A1: Pick | B1: Intro | C1: Winner | D1: Type | E1: Name | F1: Salary | G1: Term | H1: Picks Transferred | U1: UFA | V1: UFA Rank | W1: RFA | X1: RFA Rank
A2: 1 | B2: Craig | C2: Drew | D2: RFA | E2: Connor McDavid | F2: 11.4 | G2: 6 | U2: =if($D2=U$1,$F2,"") | V2: =rank(U2,$U$2:$U$173) -> #N/A | W2: =if($D2=W$1,$F2,"") -> 11.4 | X2: =rank(W2,$W$2:$W$173) -> 1
A3: =A2+1 -> 2 | B3: Craig | C3: Tevie | D3: UFA | E3: Sidney Crosby | F3: 10 | G3: 1 | U3: =if($D3=U$1,$F3,"") -> 10 | V3: =rank(U3,$U$2:$U$173) -> 1 | W3: =if($D3=W$1,$F3,"") | X3: =rank(W3,$W$2:$W$173) -> #N/A
A4: =A3+1 -> 3 | B4: Searle | C4: Masliyah | D4: RFA | E4: Connor Hellebuyck | F4: 8.8 | G4: 3 | U4: =if($D4=U$1,$F4,"") | V4: =rank(U4,$U$2:$U$173) -> #N/A | W4: =if($D4=W$1,$F4,"") -> 8.8 | X4: =rank(W4,$W$2:$W$173) -> 3
A5: =A4+1 -> 4 | B5: Searle | C5: Craig | D5: UFA | E5: Alex Ovechkin | F5: 7.6 | G5: 1 | U5: =if($D5=U$1,$F5,"") -> 7.6 | V5: =rank(U5,$U$2:$U$173) -> 8 | W5: =if($D5=W$1,$F5,"") | X5: =rank(W5,$W$2:$W$173) -> #N/A
A6: =A5+1 -> 5 | B6: Shafran | C6: Searle | D6: RFA | E6: Nikita Kucherov | F6: 9.2 | G6: 4 | U6: =if($D6=U$1,$F6,"") | V6: =rank(U6,$U$2:$U$173) -> #N/A | W6: =if($D6=W$1,$F6,"") -> 9.2 | X6: =rank(W6,$W$2:$W$173) -> 2
A7: =A6+1 -> 6 | B7: Shafran | C7: Shafran | D7: UFA | E7: Pekka Rinne | F7: 8.7 | G7: 1 | U7: =if($D7=U$1,$F7,"") -> 8.7 | V7: =rank(U7,$U$2:$U$173) -> 5 | W7: =if($D7=W$1,$F7,"") | X7: =rank(W7,$W$2:$W$173) -> #N/A
A8: =A7+1 -> 7 | B8: Tevie | C8: Lloyd | D8: RFA | E8: Filip Forsberg | F8: 6.3 | G8: 3 | U8: =if($D8=U$1,$F8,"") | V8: =rank(U8,$U$2:$U$173) -> #N/A | W8: =if($D8=W$1,$F8,"") -> 6.3 | X8: =rank(W8,$W$2:$W$173) -> 6
A9: =A8+1 -> 8 | B9: Tevie | C9: Staav | D9: UFA | E9: John Tavares | F9: 9.4 | G9: 1 | U9: =if($D9=U$1,$F9,"") -> 9.4 | V9: =rank(U9,$U$2:$U$173) -> 2 | W9: =if($D9=W$1,$F9,"") | X9: =rank(W9,$W$2:$W$173) -> #N/A
A10: =A9+1 -> 9 | B10: Staav | C10: Craig | D10: RFA | E10: Taylor Hall | F10: 7.4 | G10: 3 | U10: =if($D10=U$1,$F10,"") | V10: =rank(U10,$U$2:$U$173) -> #N/A | W10: =if($D10=W$1,$F10,"") -> 7.4 | X10: =rank(W10,$W$2:$W$173) -> 4
A11: =A10+1 -> 10 | B11: Staav | C11: Mike | D11: UFA | E11: Evgeni Malkin | F11: 8.9 | G11: 1 | U11: =if($D11=U$1,$F11,"") -> 8.9 | V11: =rank(U11,$U$2:$U$173) -> 4 | W11: =if($D11=W$1,$F11,"") | X11: =rank(W11,$W$2:$W$173) -> #N/A
A12: =A11+1 -> 11 | B12: Mike | C12: Shafran | D12: RFA | E12: Leon Draisaitl | F12: 5.2 | G12: 5 | U12: =if($D12=U$1,$F12,"") | V12: =rank(U12,$U$2:$U$173) -> #N/A | W12: =if($D12=W$1,$F12,"") -> 5.2 | X12: =rank(W12,$W$2:$W$173) -> 7
A13: =A12+1 -> 12 | B13: Mike | C13: Craig | D13: UFA | E13: William Karlsson | F13: 4.6 | G13: 3 | U13: =if($D13=U$1,$F13,"") -> 4.6 | V13: =rank(U13,$U$2:$U$173) -> 25 | W13: =if($D13=W$1,$F13,"") | X13: =rank(W13,$W$2:$W$173) -> #N/A
A14: =A13+1 -> 13 | B14: Drew | C14: Lloyd | D14: UFA | E14: Braden Holtby | F14: 8.3 | G14: 1 | U14: =if($D14=U$1,$F14,"") -> 8.3 | V14: =rank(U14,$U$2:$U$173) -> 6 | W14: =if($D14=W$1,$F14,"") | X14: =rank(W14,$W$2:$W$173) -> #N/A
... A155: =A154+1 -> 154 | B155: Staav | C155: Staav | D155: UFA | E155: Olli Maata | F155: 0.5 | G155: 1 | U155: =if($D155=U$1,$F155,"") -> 0.5 | V155: =rank(U155,$U$2:$U$173) -> 111 | W155: =if($D155=W$1,$F155,"") | X155: =rank(W155,$W$2:$W$173) -> #N/A
U156: =if($D156=U$1,$F156,"") | W156: =if($D156=W$1,$F156,"")
U157: =if($D157=U$1,$F157,"") | W157: =if($D157=W$1,$F157,"")
U158: =if($D158=U$1,$F158,"") | W158: =if($D158=W$1,$F158,"")
U159: =if($D159=U$1,$F159,"") | W159: =if($D159=W$1,$F159,"")
U160: =if($D160=U$1,$F160,"") | W160: =if($D160=W$1,$F160,"")
U161: =if($D161=U$1,$F161,"") | W161: =if($D161=W$1,$F161,"")
U162: =if($D162=U$1,$F162,"") | W162: =if($D162=W$1,$F162,"")
U163: =if($D163=U$1,$F163,"") | W163: =if($D163=W$1,$F163,"")
U164: =if($D164=U$1,$F164,"") | W164: =if($D164=W$1,$F164,"")
U165: =if($D165=U$1,$F165,"") | W165: =if($D165=W$1,$F165,"")
U166: =if($D166=U$1,$F166,"") | W166: =if($D166=W$1,$F166,"")
U167: =if($D167=U$1,$F167,"") | W167: =if($D167=W$1,$F167,"")
... U173: =if($D173=U$1,$F173,"") | W173: =if($D173=W$1,$F173,"")

Sheet Summary
B1: 2018 | C1: 2019 | D1: 2020 | E1: 2021 | F1: 2022 | G1: 2023 | H1: 2024 | I1: 2025
A2: Drafted Players
A3: UFA | B3: =countif('2018'!$D:$D,$A3) -> 132 | C3: =countif('2019'!$D:$D,$A3) -> 113 | D3: =countif('2020'!$D:$D,$A3) -> 120 | E3: =countif('2021'!$D:$D,$A3) -> 127 | F3: =countif('2022'!$D:$D,$A3) -> 139 | G3: =countif('2023'!$D:$D,$A3) -> 138 | H3: =countif('2024'!$D:$D,$A3) -> 135 | I3: =countif('2025'!$D:$D,$A3) -> 119
A4: RFA | B4: =countif('2018'!$D:$D,$A4) -> 22 | C4: =countif('2019'!$D:$D,$A4) -> 21 | D4: =countif('2020'!$D:$D,$A4) -> 35 | E4: =countif('2021'!$D:$D,$A4) -> 24 | F4: =countif('2022'!$D:$D,$A4) -> 33 | G4: =countif('2023'!$D:$D,$A4) -> 26 | H4: =countif('2024'!$D:$D,$A4) -> 21 | I4: =countif('2025'!$D:$D,$A4) -> 20
A5: Total | B5: =counta('2018'!$D:$D)-1 -> 154 | C5: =counta('2019'!$D:$D)-1 -> 134 | D5: =counta('2020'!$D:$D)-1 -> 155 | E5: =counta('2021'!$D:$D)-1 -> 151 | F5: =counta('2022'!$D:$D)-1 -> 172 | G5: =counta('2023'!$D:$D)-1 -> 164 | H5: =counta('2024'!$D:$D)-1 -> 156 | I5: =counta('2025'!$D:$D)-1 -> 139
A6: Check | B6: =sum(B3:B4)-B5 -> 0 | C6: =sum(C3:C4)-C5 -> 0 | D6: =sum(D3:D4)-D5 -> 0 | E6: =sum(E3:E4)-E5 -> 0 | F6: =sum(F3:F4)-F5 -> 0 | G6: =sum(G3:G4)-G5 -> 0 | H6: =sum(H3:H4)-H5 -> 0 | I6: =sum(I3:I4)-I5 -> 0
A8: Average Salary
A9: UFA | B9: =averageif('2018'!$D:$D,$A9,'2018'!$F:$F) -> 2.3742424 | C9: =averageif('2019'!$D:$D,$A9,'2019'!$F:$F) -> 2.3070796 | D9: =averageif('2020'!$D:$D,$A9,'2020'!$F:$F) -> 2.1233333 | E9: =averageif('2021'!$D:$D,$A9,'2021'!$F:$F) -> 2.2346457 | F9: =averageif('2022'!$D:$D,$A9,'2022'!$F:$F) -> 1.9568345 | G9: =averageif('2023'!$D:$D,$A9,'2023'!$F:$F) -> 1.8956522 | H9: =averageif('2024'!$D:$D,$A9,'2024'!$F:$F) -> 1.8503704 | I9: =averageif('2025'!$D:$D,$A9,'2025'!$F:$F) -> 2.0630252
A10: RFA | B10: =averageif('2018'!$D:$D,$A10,'2018'!$F:$F) -> 3.5772727 | C10: =averageif('2019'!$D:$D,$A10,'2019'!$F:$F) -> 3.3857143 | D10: =averageif('2020'!$D:$D,$A10,'2020'!$F:$F) -> 3.0085714 | E10: =averageif('2021'!$D:$D,$A10,'2021'!$F:$F) -> 2.5125 | F10: =averageif('2022'!$D:$D,$A10,'2022'!$F:$F) -> 3.1181818 | G10: =averageif('2023'!$D:$D,$A10,'2023'!$F:$F) -> 4.0346154 | H10: =averageif('2024'!$D:$D,$A10,'2024'!$F:$F) -> 3.7047619 | I10: =averageif('2025'!$D:$D,$A10,'2025'!$F:$F) -> 3.145
A11: Total | B11: =average('2018'!$F:$F) -> 2.5461039 | C11: =average('2019'!$F:$F) -> 2.4761194 | D11: =average('2020'!$F:$F) -> 2.3232258 | E11: =average('2021'!$F:$F) -> 2.2788079 | F11: =average('2022'!$F:$F) -> 2.1796512 | G11: =average('2023'!$F:$F) -> 2.2347561 | H11: =average('2024'!$F:$F) -> 2.1 | I11: =average('2025'!$F:$F) -> 2.218705
A13: Contracts at Min Salary
A14: UFA | B14: =COUNTIFs('2018'!$D:$D,$A14,'2018'!$F:$F,".5") -> 22 | C14: =COUNTIFs('2019'!$D:$D,$A14,'2019'!$F:$F,".5") -> 15 | D14: =COUNTIFs('2020'!$D:$D,$A14,'2020'!$F:$F,".5") -> 20 | E14: =COUNTIFs('2021'!$D:$D,$A14,'2021'!$F:$F,".5") -> 18 | F14: =COUNTIFs('2022'!$D:$D,$A14,'2022'!$F:$F,".5") -> 39 | G14: =COUNTIFs('2023'!$D:$D,$A14,'2023'!$F:$F,".5") -> 19 | H14: =COUNTIFs('2024'!$D:$D,$A14,'2024'!$F:$F,".5") -> 23 | I14: =COUNTIFs('2025'!$D:$D,$A14,'2025'!$F:$F,".5") -> 16
A15: RFA | B15: =COUNTIFs('2018'!$D:$D,$A15,'2018'!$F:$F,".5") -> 0 | C15: =COUNTIFs('2019'!$D:$D,$A15,'2019'!$F:$F,".5") -> 0 | D15: =COUNTIFs('2020'!$D:$D,$A15,'2020'!$F:$F,".5") -> 1 | E15: =COUNTIFs('2021'!$D:$D,$A15,'2021'!$F:$F,".5") -> 1 | F15: =COUNTIFs('2022'!$D:$D,$A15,'2022'!$F:$F,".5") -> 3 | G15: =COUNTIFs('2023'!$D:$D,$A15,'2023'!$F:$F,".5") -> 0 | H15: =COUNTIFs('2024'!$D:$D,$A15,'2024'!$F:$F,".5") -> 1 | I15: =COUNTIFs('2025'!$D:$D,$A15,'2025'!$F:$F,".5") -> 0
A16: Total | B16: =COUNTIFs('2018'!$F:$F,".5") -> 22 | C16: =COUNTIFs('2019'!$F:$F,".5") -> 15 | D16: =COUNTIFs('2020'!$F:$F,".5") -> 21 | E16: =COUNTIFs('2021'!$F:$F,".5") -> 19 | F16: =COUNTIFs('2022'!$F:$F,".5") -> 42 | G16: =COUNTIFs('2023'!$F:$F,".5") -> 19 | H16: =COUNTIFs('2024'!$F:$F,".5") -> 24 | I16: =COUNTIFs('2025'!$F:$F,".5") -> 16
A18: Contracts at Min Salary % of Drafted Players
A19: UFA | B19: =B14/B3 -> 0.16666667 | C19: =C14/C3 -> 0.13274336 | D19: =D14/D3 -> 0.16666667 | E19: =E14/E3 -> 0.14173228 | F19: =F14/F3 -> 0.28057554 | G19: =G14/G3 -> 0.13768116 | H19: =H14/H3 -> 0.17037037 | I19: =I14/I3 -> 0.13445378
A20: RFA | B20: =B15/B4 -> 0 | C20: =C15/C4 -> 0 | D20: =D15/D4 -> 0.028571429 | E20: =E15/E4 -> 0.041666667 | F20: =F15/F4 -> 0.090909091 | G20: =G15/G4 -> 0 | H20: =H15/H4 -> 0.047619048 | I20: =I15/I4 -> 0
A21: Total | B21: =B16/B5 -> 0.14285714 | C21: =C16/C5 -> 0.1119403 | D21: =D16/D5 -> 0.13548387 | E21: =E16/E5 -> 0.12582781 | F21: =F16/F5 -> 0.24418605 | G21: =G16/G5 -> 0.11585366 | H21: =H16/H5 -> 0.15384615 | I21: =I16/I5 -> 0.11510791
A23: Top Salaries
A24: UFA (top 10) | B24: =averageif('2018'!$V:$V,"<11",'2018'!$U:$U) -> 8.37 | C24: =averageif('2019'!$V:$V,"<11",'2019'!$U:$U) -> 7.68 | D24: =averageif('2020'!$V:$V,"<11",'2020'!$U:$U) -> 7.11 | E24: =averageif('2021'!$V:$V,"<11",'2021'!$U:$U) -> 7.07 | F24: =averageif('2022'!$V:$V,"<11",'2022'!$U:$U) -> 6.4090909 | G24: =averageif('2023'!$V:$V,"<11",'2023'!$U:$U) -> 6.49 | H24: =averageif('2024'!$V:$V,"<11",'2024'!$U:$U) -> 6.3 | I24: =averageif('2025'!$V:$V,"<11",'2025'!$U:$U) -> 6.96
A25: RFA (top 10) | B25: =averageif('2018'!$X:$X,"<11",'2018'!$W:$W) -> 6.44 | C25: =averageif('2019'!$X:$X,"<11",'2019'!$W:$W) -> 5.52 | D25: =averageif('2020'!$X:$X,"<11",'2020'!$W:$W) -> 5.73 | E25: =averageif('2021'!$X:$X,"<11",'2021'!$W:$W) -> 3.8833333 | F25: =averageif('2022'!$X:$X,"<11",'2022'!$W:$W) -> 5.84 | G25: =averageif('2023'!$X:$X,"<11",'2023'!$W:$W) -> 6.46 | H25: =averageif('2024'!$X:$X,"<11",'2024'!$W:$W) -> 6.09 | I25: =averageif('2025'!$X:$X,"<11",'2025'!$W:$W) -> 4.64
A26: UFA (top 5) | B26: =averageif('2018'!$V:$V,"<6",'2018'!$U:$U) -> 9.24 | C26: =averageif('2019'!$V:$V,"<6",'2019'!$U:$U) -> 8.3 | D26: =averageif('2020'!$V:$V,"<6",'2020'!$U:$U) -> 7.88 | E26: =averageif('2021'!$V:$V,"<6",'2021'!$U:$U) -> 7.92 | F26: =averageif('2022'!$V:$V,"<6",'2022'!$U:$U) -> 6.9166667 | G26: =averageif('2023'!$V:$V,"<6",'2023'!$U:$U) -> 7.18 | H26: =averageif('2024'!$V:$V,"<6",'2024'!$U:$U) -> 6.8833333 | I26: =averageif('2025'!$V:$V,"<6",'2025'!$U:$U) -> 7.98
A27: RFA (top 5) | B27: =averageif('2018'!$X:$X,"<6",'2018'!$W:$W) -> 8.66 | C27: =averageif('2019'!$X:$X,"<6",'2019'!$W:$W) -> 6.9 | D27: =averageif('2020'!$X:$X,"<6",'2020'!$W:$W) -> 6.56 | E27: =averageif('2021'!$X:$X,"<6",'2021'!$W:$W) -> 5.1 | F27: =averageif('2022'!$X:$X,"<6",'2022'!$W:$W) -> 7.06 | G27: =averageif('2023'!$X:$X,"<6",'2023'!$W:$W) -> 7.88 | H27: =averageif('2024'!$X:$X,"<6",'2024'!$W:$W) -> 6.5714286 | I27: =averageif('2025'!$X:$X,"<6",'2025'!$W:$W) -> 6.02
A29: UFA Salary Distribution
A30: <$1 | B30: =countif('2018'!$U:$U,"<1") -> 56 | C30: =countif('2019'!$U:$U,"<1") -> 41 | D30: =countif('2020'!$U:$U,"<1") -> 52 | E30: =countif('2021'!$U:$U,"<1") -> 43 | F30: =countif('2022'!$U:$U,"<1") -> 64 | G30: =countif('2023'!$U:$U,"<1") -> 54 | H30: =countif('2024'!$U:$U,"<1") -> 61 | I30: =countif('2025'!$U:$U,"<1") -> 40 | K30: =B30/B$41 -> 0.42424242 | L30: =C30/C$41 -> 0.36283186 | M30: =D30/D$41 -> 0.43333333 | N30: =E30/E$41 -> 0.33858268 | O30: =F30/F$41 -> 0.46043165 | P30: =G30/G$41 -> 0.39130435 | Q30: =H30/H$41 -> 0.45185185 | R30: =I30/I$41 -> 0.33613445
A31: $1 to $2 | B31: =countif('2018'!$U:$U,"<2")-sum(B30) -> 28 | C31: =countif('2019'!$U:$U,"<2")-sum(C30) -> 30 | D31: =countif('2020'!$U:$U,"<2")-sum(D30) -> 25 | E31: =countif('2021'!$U:$U,"<2")-sum(E30) -> 31 | F31: =countif('2022'!$U:$U,"<2")-sum(F30) -> 28 | G31: =countif('2023'!$U:$U,"<2")-sum(G30) -> 38 | H31: =countif('2024'!$U:$U,"<2")-sum(H30) -> 27 | I31: =countif('2025'!$U:$U,"<2")-sum(I30) -> 36 | K31: =B31/B$41 -> 0.21212121 | L31: =C31/C$41 -> 0.26548673 | M31: =D31/D$41 -> 0.20833333 | N31: =E31/E$41 -> 0.24409449 | O31: =F31/F$41 -> 0.20143885 | P31: =G31/G$41 -> 0.27536232 | Q31: =H31/H$41 -> 0.2 | R31: =I31/I$41 -> 0.30252101
A32: $2 to $3 | B32: =countif('2018'!$U:$U,"<3")-sum(B30:B31) -> 9 | C32: =countif('2019'!$U:$U,"<3")-sum(C30:C31) -> 12 | D32: =countif('2020'!$U:$U,"<3")-sum(D30:D31) -> 10 | E32: =countif('2021'!$U:$U,"<3")-sum(E30:E31) -> 17 | F32: =countif('2022'!$U:$U,"<3")-sum(F30:F31) -> 16 | G32: =countif('2023'!$U:$U,"<3")-sum(G30:G31) -> 19 | H32: =countif('2024'!$U:$U,"<3")-sum(H30:H31) -> 18 | I32: =countif('2025'!$U:$U,"<3")-sum(I30:I31) -> 16 | K32: =B32/B$41 -> 0.068181818 | L32: =C32/C$41 -> 0.10619469 | M32: =D32/D$41 -> 0.083333333 | N32: =E32/E$41 -> 0.13385827 | O32: =F32/F$41 -> 0.11510791 | P32: =G32/G$41 -> 0.13768116 | Q32: =H32/H$41 -> 0.13333333 | R32: =I32/I$41 -> 0.13445378
A33: $3 to $4 | B33: =countif('2018'!$U:$U,"<4")-sum(B30:B32) -> 9 | C33: =countif('2019'!$U:$U,"<4")-sum(C30:C32) -> 9 | D33: =countif('2020'!$U:$U,"<4")-sum(D30:D32) -> 8 | E33: =countif('2021'!$U:$U,"<4")-sum(E30:E32) -> 12 | F33: =countif('2022'!$U:$U,"<4")-sum(F30:F32) -> 8 | G33: =countif('2023'!$U:$U,"<4")-sum(G30:G32) -> 9 | H33: =countif('2024'!$U:$U,"<4")-sum(H30:H32) -> 14 | I33: =countif('2025'!$U:$U,"<4")-sum(I30:I32) -> 10 | K33: =B33/B$41 -> 0.068181818 | L33: =C33/C$41 -> 0.079646018 | M33: =D33/D$41 -> 0.066666667 | N33: =E33/E$41 -> 0.094488189 | O33: =F33/F$41 -> 0.057553957 | P33: =G33/G$41 -> 0.065217391 | Q33: =H33/H$41 -> 0.1037037 | R33: =I33/I$41 -> 0.084033613
A34: $4 to $5 | B34: =countif('2018'!$U:$U,"<5")-sum(B30:B33) -> 6 | C34: =countif('2019'!$U:$U,"<5")-sum(C30:C33) -> 5 | D34: =countif('2020'!$U:$U,"<5")-sum(D30:D33) -> 12 | E34: =countif('2021'!$U:$U,"<5")-sum(E30:E33) -> 10 | F34: =countif('2022'!$U:$U,"<5")-sum(F30:F33) -> 6 | G34: =countif('2023'!$U:$U,"<5")-sum(G30:G33) -> 9 | H34: =countif('2024'!$U:$U,"<5")-sum(H30:H33) -> 4 | I34: =countif('2025'!$U:$U,"<5")-sum(I30:I33) -> 6 | K34: =B34/B$41 -> 0.045454545 | L34: =C34/C$41 -> 0.044247788 | M34: =D34/D$41 -> 0.1 | N34: =E34/E$41 -> 0.078740157 | O34: =F34/F$41 -> 0.043165468 | P34: =G34/G$41 -> 0.065217391 | Q34: =H34/H$41 -> 0.02962963 | R34: =I34/I$41 -> 0.050420168
A35: $5 to $6 | B35: =countif('2018'!$U:$U,"<6")-sum(B30:B34) -> 10 | C35: =countif('2019'!$U:$U,"<6")-sum(C30:C34) -> 2 | D35: =countif('2020'!$U:$U,"<6")-sum(D30:D34) -> 4 | E35: =countif('2021'!$U:$U,"<6")-sum(E30:E34) -> 5 | F35: =countif('2022'!$U:$U,"<6")-sum(F30:F34) -> 10 | G35: =countif('2023'!$U:$U,"<6")-sum(G30:G34) -> 1 | H35: =countif('2024'!$U:$U,"<6")-sum(H30:H34) -> 7 | I35: =countif('2025'!$U:$U,"<6")-sum(I30:I34) -> 4 | K35: =B35/B$41 -> 0.075757576 | L35: =C35/C$41 -> 0.017699115 | M35: =D35/D$41 -> 0.033333333 | N35: =E35/E$41 -> 0.039370079 | O35: =F35/F$41 -> 0.071942446 | P35: =G35/G$41 -> 0.0072463768 | Q35: =H35/H$41 -> 0.051851852 | R35: =I35/I$41 -> 0.033613445
A36: $6 to $7 | B36: =countif('2018'!$U:$U,"<7")-sum(B30:B35) -> 6 | C36: =countif('2019'!$U:$U,"<7")-sum(C30:C35) -> 6 | D36: =countif('2020'!$U:$U,"<7")-sum(D30:D35) -> 5 | E36: =countif('2021'!$U:$U,"<7")-sum(E30:E35) -> 5 | F36: =countif('2022'!$U:$U,"<7")-sum(F30:F35) -> 5 | G36: =countif('2023'!$U:$U,"<7")-sum(G30:G35) -> 5 | H36: =countif('2024'!$U:$U,"<7")-sum(H30:H35) -> 2 | I36: =countif('2025'!$U:$U,"<7")-sum(I30:I35) -> 3 | K36: =B36/B$41 -> 0.045454545 | L36: =C36/C$41 -> 0.053097345 | M36: =D36/D$41 -> 0.041666667 | N36: =E36/E$41 -> 0.039370079 | O36: =F36/F$41 -> 0.035971223 | P36: =G36/G$41 -> 0.036231884 | Q36: =H36/H$41 -> 0.014814815 | R36: =I36/I$41 -> 0.025210084
A37: $7 to $8 | B37: =countif('2018'!$U:$U,"<8")-sum(B30:B36) -> 1 | C37: =countif('2019'!$U:$U,"<8")-sum(C30:C36) -> 6 | D37: =countif('2020'!$U:$U,"<8")-sum(D30:D36) -> 2 | E37: =countif('2021'!$U:$U,"<8")-sum(E30:E36) -> 2 | F37: =countif('2022'!$U:$U,"<8")-sum(F30:F36) -> 1 | G37: =countif('2023'!$U:$U,"<8")-sum(G30:G36) -> 2 | H37: =countif('2024'!$U:$U,"<8")-sum(H30:H36) -> 0 | I37: =countif('2025'!$U:$U,"<8")-sum(I30:I36) -> 2 | K37: =B37/B$41 -> 0.0075757576 | L37: =C37/C$41 -> 0.053097345 | M37: =D37/D$41 -> 0.016666667 | N37: =E37/E$41 -> 0.015748031 | O37: =F37/F$41 -> 0.0071942446 | P37: =G37/G$41 -> 0.014492754 | Q37: =H37/H$41 -> 0 | R37: =I37/I$41 -> 0.016806723
A38: $8 to $9 | B38: =countif('2018'!$U:$U,"<9")-sum(B30:B37) -> 4 | C38: =countif('2019'!$U:$U,"<9")-sum(C30:C37) -> 0 | D38: =countif('2020'!$U:$U,"<9")-sum(D30:D37) -> 1 | E38: =countif('2021'!$U:$U,"<9")-sum(E30:E37) -> 2 | F38: =countif('2022'!$U:$U,"<9")-sum(F30:F37) -> 1 | G38: =countif('2023'!$U:$U,"<9")-sum(G30:G37) -> 1 | H38: =countif('2024'!$U:$U,"<9")-sum(H30:H37) -> 2 | I38: =countif('2025'!$U:$U,"<9")-sum(I30:I37) -> 1 | K38: =B38/B$41 -> 0.03030303 | L38: =C38/C$41 -> 0 | M38: =D38/D$41 -> 0.0083333333 | N38: =E38/E$41 -> 0.015748031 | O38: =F38/F$41 -> 0.0071942446 | P38: =G38/G$41 -> 0.0072463768 | Q38: =H38/H$41 -> 0.014814815 | R38: =I38/I$41 -> 0.0084033613
A39: $9 to $10 | B39: =countif('2018'!$U:$U,"<10")-sum(B30:B38) -> 2 | C39: =countif('2019'!$U:$U,"<10")-sum(C30:C38) -> 2 | D39: =countif('2020'!$U:$U,"<10")-sum(D30:D38) -> 1 | E39: =countif('2021'!$U:$U,"<10")-sum(E30:E38) -> 0 | F39: =countif('2022'!$U:$U,"<10")-sum(F30:F38) -> 0 | G39: =countif('2023'!$U:$U,"<10")-sum(G30:G38) -> 0 | H39: =countif('2024'!$U:$U,"<10")-sum(H30:H38) -> 0 | I39: =countif('2025'!$U:$U,"<10")-sum(I30:I38) -> 0 | K39: =B39/B$41 -> 0.015151515 | L39: =C39/C$41 -> 0.017699115 | M39: =D39/D$41 -> 0.0083333333 | N39: =E39/E$41 -> 0 | O39: =F39/F$41 -> 0 | P39: =G39/G$41 -> 0 | Q39: =H39/H$41 -> 0 | R39: =I39/I$41 -> 0
A40: >$10 | B40: =countif('2018'!$U:$U,"<12")-sum(B30:B39) -> 1 | C40: =countif('2019'!$U:$U,"<12")-sum(C30:C39) -> 0 | D40: =countif('2020'!$U:$U,"<12")-sum(D30:D39) -> 0 | E40: =countif('2021'!$U:$U,"<12")-sum(E30:E39) -> 0 | F40: =countif('2022'!$U:$U,"<12")-sum(F30:F39) -> 0 | G40: =countif('2023'!$U:$U,"<12")-sum(G30:G39) -> 0 | H40: =countif('2024'!$U:$U,"<12")-sum(H30:H39) -> 0 | I40: =countif('2025'!$U:$U,"<12")-sum(I30:I39) -> 1 | K40: =B40/B$41 -> 0.0075757576 | L40: =C40/C$41 -> 0 | M40: =D40/D$41 -> 0 | N40: =E40/E$41 -> 0 | O40: =F40/F$41 -> 0 | P40: =G40/G$41 -> 0 | Q40: =H40/H$41 -> 0 | R40: =I40/I$41 -> 0.0084033613
A41: Total | B41: =sum(B30:B40) -> 132 | C41: =sum(C30:C40) -> 113 | D41: =sum(D30:D40) -> 120 | E41: =sum(E30:E40) -> 127 | F41: =sum(F30:F40) -> 139 | G41: =sum(G30:G40) -> 138 | H41: =sum(H30:H40) -> 135 | I41: =sum(I30:I40) -> 119
A42: Check | B42: =B41-B3 -> 0 | C42: =C41-C3 -> 0 | D42: =D41-D3 -> 0 | E42: =E41-E3 -> 0 | F42: =F41-F3 -> 0 | G42: =G41-G3 -> 0 | H42: =H41-H3 -> 0 | I42: =I41-I3 -> 0
A44: Average Term
A45: UFA | B45: =averageif('2018'!$D:$D,$A45,'2018'!$G:$G) -> 1.4318182 | C45: =averageif('2019'!$D:$D,$A45,'2019'!$G:$G) -> 1.1946903 | D45: =averageif('2020'!$D:$D,$A45,'2020'!$G:$G) -> 1.2416667 | E45: =averageif('2021'!$D:$D,$A45,'2021'!$G:$G) -> 1.1338583 | F45: =averageif('2022'!$D:$D,$A45,'2022'!$G:$G) -> 1.1223022 | G45: =averageif('2023'!$D:$D,$A45,'2023'!$G:$G) -> 1.2608696 | H45: =averageif('2024'!$D:$D,$A45,'2024'!$G:$G) -> 1.1777778 | I45: =averageif('2025'!$D:$D,$A45,'2025'!$G:$G) -> 1.1344538
A46: RFA | B46: =averageif('2018'!$D:$D,$A46,'2018'!$G:$G) -> 2.5454545 | C46: =averageif('2019'!$D:$D,$A46,'2019'!$G:$G) -> 2.6666667 | D46: =averageif('2020'!$D:$D,$A46,'2020'!$G:$G) -> 2.8 | E46: =averageif('2021'!$D:$D,$A46,'2021'!$G:$G) -> 2.875 | F46: =averageif('2022'!$D:$D,$A46,'2022'!$G:$G) -> 2.9090909 | G46: =averageif('2023'!$D:$D,$A46,'2023'!$G:$G) -> 3.2307692 | H46: =averageif('2024'!$D:$D,$A46,'2024'!$G:$G) -> 2.8095238 | I46: =averageif('2025'!$D:$D,$A46,'2025'!$G:$G) -> 2.7
A47: Total | B47: =average('2018'!$G:$G) -> 1.5909091 | C47: =average('2019'!$G:$G) -> 1.4253731 | D47: =average('2020'!$G:$G) -> 1.5935484 | E47: =average('2021'!$G:$G) -> 1.410596 | F47: =average('2022'!$G:$G) -> 1.4651163 | G47: =average('2023'!$G:$G) -> 1.5731707 | H47: =average('2024'!$G:$G) -> 1.3974359 | I47: =average('2025'!$G:$G) -> 1.3597122
A49: Contracts >1 Year
A50: UFA | B50: =COUNTIFs('2018'!$D:$D,$A50,'2018'!$G:$G,">1") -> 32 | C50: =COUNTIFs('2019'!$D:$D,$A50,'2019'!$G:$G,">1") -> 13 | D50: =COUNTIFs('2020'!$D:$D,$A50,'2020'!$G:$G,">1") -> 21 | E50: =COUNTIFs('2021'!$D:$D,$A50,'2021'!$G:$G,">1") -> 12 | F50: =COUNTIFs('2022'!$D:$D,$A50,'2022'!$G:$G,">1") -> 14 | G50: =COUNTIFs('2023'!$D:$D,$A50,'2023'!$G:$G,">1") -> 25 | H50: =COUNTIFs('2024'!$D:$D,$A50,'2024'!$G:$G,">1") -> 21 | I50: =COUNTIFs('2025'!$D:$D,$A50,'2025'!$G:$G,">1") -> 13
A51: RFA | B51: =COUNTIFs('2018'!$D:$D,$A51,'2018'!$G:$G,">1") -> 16 | C51: =COUNTIFs('2019'!$D:$D,$A51,'2019'!$G:$G,">1") -> 19 | D51: =COUNTIFs('2020'!$D:$D,$A51,'2020'!$G:$G,">1") -> 30 | E51: =COUNTIFs('2021'!$D:$D,$A51,'2021'!$G:$G,">1") -> 22 | F51: =COUNTIFs('2022'!$D:$D,$A51,'2022'!$G:$G,">1") -> 23 | G51: =COUNTIFs('2023'!$D:$D,$A51,'2023'!$G:$G,">1") -> 21 | H51: =COUNTIFs('2024'!$D:$D,$A51,'2024'!$G:$G,">1") -> 17 | I51: =COUNTIFs('2025'!$D:$D,$A51,'2025'!$G:$G,">1") -> 14
A52: Total | B52: =COUNTIFs('2018'!$G:$G,">1") -> 48 | C52: =COUNTIFs('2019'!$G:$G,">1") -> 32 | D52: =COUNTIFs('2020'!$G:$G,">1") -> 51 | E52: =COUNTIFs('2021'!$G:$G,">1") -> 34 | F52: =COUNTIFs('2022'!$G:$G,">1") -> 37 | G52: =COUNTIFs('2023'!$G:$G,">1") -> 46 | H52: =COUNTIFs('2024'!$G:$G,">1") -> 38 | I52: =COUNTIFs('2025'!$G:$G,">1") -> 27
A54: Contracts >1 Year % of Total Drafted Players
A55: UFA | B55: =B50/B3 -> 0.24242424 | C55: =C50/C3 -> 0.11504425 | D55: =D50/D3 -> 0.175 | E55: =E50/E3 -> 0.094488189 | F55: =F50/F3 -> 0.10071942 | G55: =G50/G3 -> 0.18115942 | H55: =H50/H3 -> 0.15555556 | I55: =I50/I3 -> 0.1092437
A56: RFA | B56: =B51/B4 -> 0.72727273 | C56: =C51/C4 -> 0.9047619 | D56: =D51/D4 -> 0.85714286 | E56: =E51/E4 -> 0.91666667 | F56: =F51/F4 -> 0.6969697 | G56: =G51/G4 -> 0.80769231 | H56: =H51/H4 -> 0.80952381 | I56: =I51/I4 -> 0.7
A57: Total | B57: =B52/B5 -> 0.31168831 | C57: =C52/C5 -> 0.23880597 | D57: =D52/D5 -> 0.32903226 | E57: =E52/E5 -> 0.22516556 | F57: =F52/F5 -> 0.21511628 | G57: =G52/G5 -> 0.2804878 | H57: =H52/H5 -> 0.24358974 | I57: =I52/I5 -> 0.1942446
A59: Contracts = 1 Year
A60: UFA | B60: =COUNTIFs('2018'!$D:$D,$A60,'2018'!$G:$G,"1") -> 100 | C60: =COUNTIFs('2019'!$D:$D,$A60,'2019'!$G:$G,"1") -> 100 | D60: =COUNTIFs('2020'!$D:$D,$A60,'2020'!$G:$G,"1") -> 99 | E60: =COUNTIFs('2021'!$D:$D,$A60,'2021'!$G:$G,"1") -> 115 | F60: =COUNTIFs('2022'!$D:$D,$A60,'2022'!$G:$G,"1") -> 125 | G60: =COUNTIFs('2023'!$D:$D,$A60,'2023'!$G:$G,"1") -> 113 | H60: =COUNTIFs('2024'!$D:$D,$A60,'2024'!$G:$G,"1") -> 114 | I60: =COUNTIFs('2025'!$D:$D,$A60,'2025'!$G:$G,"1") -> 106
A61: RFA | B61: =COUNTIFs('2018'!$D:$D,$A61,'2018'!$G:$G,"1") -> 6 | C61: =COUNTIFs('2019'!$D:$D,$A61,'2019'!$G:$G,"1") -> 2 | D61: =COUNTIFs('2020'!$D:$D,$A61,'2020'!$G:$G,"1") -> 5 | E61: =COUNTIFs('2021'!$D:$D,$A61,'2021'!$G:$G,"1") -> 2 | F61: =COUNTIFs('2022'!$D:$D,$A61,'2022'!$G:$G,"1") -> 10 | G61: =COUNTIFs('2023'!$D:$D,$A61,'2023'!$G:$G,"1") -> 5 | H61: =COUNTIFs('2024'!$D:$D,$A61,'2024'!$G:$G,"1") -> 4 | I61: =COUNTIFs('2025'!$D:$D,$A61,'2025'!$G:$G,"1") -> 6
A62: Total | B62: =COUNTIFs('2018'!$G:$G,"1") -> 106 | C62: =COUNTIFs('2019'!$G:$G,"1") -> 102 | D62: =COUNTIFs('2020'!$G:$G,"1") -> 104 | E62: =COUNTIFs('2021'!$G:$G,"1") -> 117 | F62: =COUNTIFs('2022'!$G:$G,"1") -> 135 | G62: =COUNTIFs('2023'!$G:$G,"1") -> 118 | H62: =COUNTIFs('2024'!$G:$G,"1") -> 118 | I62: =COUNTIFs('2025'!$G:$G,"1") -> 112
A63: Check | B63: =B52+B62-B5 -> 0 | C63: =C52+C62-C5 -> 0 | D63: =D52+D62-D5 -> 0 | E63: =E52+E62-E5 -> 0 | F63: =F52+F62-F5 -> 0 | G63: =G52+G62-G5 -> 0 | H63: =H52+H62-H5 -> 0 | I63: =I52+I62-I5 -> 0
